[
  {
    "pays": "Netherlands",
    "code_pays": "nl",
    "titre": "Senior QA Engineer",
    "description": "Sta SRQ176888. EDSN Organisatie Bij EDSN draag jij bij aan de verduurzaming van Nederland. Elke dag. Sámen met onze partners in de energiesector. De verduurzaming en de energietransitie die in volle gang is brengt een hoop uitdagingen met zich mee. Met jouw kennis van testen en testautomatisering zorg jij, samen met je team, voor goed werkende software en foutloze data. Zo speel jij een cruciale rol in de vooruitgang van onze organisatie en daarmee van de sector. En lever je een positieve bijdr…",
    "secteur": "IT ICT vacatures",
    "skills": [],
    "techno_recherche": "react",
    "is_remote": false,
    "salaire_min": 45972,
    "salaire_max": 45972,
    "salaire_predicted": "0",
    "url": "https://www.adzuna.nl/details/5282442951?utm_medium=api&utm_source=03d8c83f",
    "date_collected": "20250704_1120"
  },
  {
    "pays": "Netherlands",
    "code_pays": "nl",
    "titre": "Software Developer (Full-Stack)",
    "description": "Bedrijfsomschrijving: Locatie: regio Sittard. In de regio Sittard is onze organisatie een vooraanstaande speler in de technische sector, bekend om haar innovatieve technieken en hoge klanttevredenheid. Wij hebben een sterke regionale aanwezigheid en dragen bij aan baanbrekende technologieën die de toekomst van productieomgevingen verbeteren. Onze open en dynamische cultuur stimuleert persoonlijke groei en ontwikkeling. We bieden een competitief salaris dat kan oplopen tot wel €4950 per maand. F…",
    "secteur": "IT ICT vacatures",
    "skills": [],
    "techno_recherche": "react",
    "is_remote": false,
    "salaire_min": 54600,
    "salaire_max": 59400,
    "salaire_predicted": "0",
    "url": "https://www.adzuna.nl/details/5282038390?utm_medium=api&utm_source=03d8c83f",
    "date_collected": "20250704_1120"
  },
  {
    "pays": "Netherlands",
    "code_pays": "nl",
    "titre": "Software Engineer Java",
    "description": "Bedrijfsomschrijving: Locatie: regio Utrecht Dit snelgroeiende technologiebedrijf dat zich richt op het leveren van innovatieve en op maat gemaakte softwareoplossingen aan klanten in de Leisure en Industrie. Met een gepassioneerd team van experts streven ze naar het bieden van hoogwaardige diensten en het creëren van baanbrekende technologische oplossingen. Als Software Engineer Java maak je deel uit van het getalenteerde ontwikkelingsteam en werk je aan uitdagende projecten die een reële impac…",
    "secteur": "IT ICT vacatures",
    "skills": [
      "java"
    ],
    "techno_recherche": "react",
    "is_remote": false,
    "salaire_min": 40632,
    "salaire_max": 66264,
    "salaire_predicted": "0",
    "url": "https://www.adzuna.nl/details/5282035175?utm_medium=api&utm_source=03d8c83f",
    "date_collected": "20250704_1120"
  },
  {
    "pays": "Netherlands",
    "code_pays": "nl",
    "titre": "Backend Engineer",
    "description": "Backend Engineer (Ruby on Rails)  Build the backbone of the world’s best onboarding platform and help the team level up as you go!  Full-time · Amsterdam About the role  Are you the technical rockstar we’re looking for? We’re looking for a Backend Engineer to join our team and provide innovative solutions for our platform. In this role, you’ll help design and build the services that power Appical’s onboarding platform, influencing how hundreds of customer organisations welcome new hires using o…",
    "secteur": "Unknown",
    "skills": [],
    "techno_recherche": "react",
    "is_remote": false,
    "salaire_min": 48000,
    "salaire_max": 63000,
    "salaire_predicted": "0",
    "url": "https://www.adzuna.nl/details/5281338312?utm_medium=api&utm_source=03d8c83f",
    "date_collected": "20250704_1120"
  },
  {
    "pays": "Netherlands",
    "code_pays": "nl",
    "titre": "Front-end Engineer",
    "description": "Your job As a Front-end Engineer at Channable, you will be responsible for building an intuitive application that our customers use to automate their digital marketing. You will be prototyping new features based on customer feedback and making decisions to improve how our customers are guided through our tool. After a feature is implemented you will also be rolling out the feature together with other members of the product team, landing new functionalities in the hands of our customers. Your ch…",
    "secteur": "IT ICT vacatures",
    "skills": [],
    "techno_recherche": "react",
    "is_remote": false,
    "salaire_min": 42228,
    "salaire_max": 64584,
    "salaire_predicted": "0",
    "url": "https://www.adzuna.nl/details/5280359729?utm_medium=api&utm_source=03d8c83f",
    "date_collected": "20250704_1120"
  },
  {
    "pays": "Netherlands",
    "code_pays": "nl",
    "titre": "Fullstack Laravel Engineer",
    "description": "Als PHP/Laravel Developer in ons team – intern liefkozend The A Team – bouw jij mee aan de ruggengraat van Zonneplan. Jouw werk raakt álle onderdelen van onze organisatie: van Sales en Support tot Installaties en Service. We bouwen namelijk al onze webapplicaties zelf, van het CRM waarop 220 collega’s dagelijks vertrouwen tot de offerte- en planningssystemen die onze klantreis vormgeven. Met jouw code zorg je dat alles op rolletjes loopt: offertes worden razendsnel uitgebracht, planningen van i…",
    "secteur": "Unknown",
    "skills": [],
    "techno_recherche": "react",
    "is_remote": false,
    "salaire_min": 42000,
    "salaire_max": 72000,
    "salaire_predicted": "0",
    "url": "https://www.adzuna.nl/land/ad/5278294969?se=uNhSjLhY8BG-COK7r-9g4g&utm_medium=api&utm_source=03d8c83f&v=689FA1BD7DEE2E3176A6E753E33AF56E83B79FCF",
    "date_collected": "20250704_1120"
  },
  {
    "pays": "Netherlands",
    "code_pays": "nl",
    "titre": "PHP Developer",
    "description": "Als PHP/Laravel Developer in ons team – intern liefkozend The A Team – bouw jij mee aan de ruggengraat van Zonneplan. Jouw werk raakt álle onderdelen van onze organisatie: van Sales en Support tot Installaties en Service. We bouwen namelijk al onze webapplicaties zelf, van het CRM waarop 220 collega’s dagelijks vertrouwen tot de offerte- en planningssystemen die onze klantreis vormgeven. Met jouw code zorg je dat alles op rolletjes loopt: offertes worden razendsnel uitgebracht, planningen van i…",
    "secteur": "Unknown",
    "skills": [],
    "techno_recherche": "react",
    "is_remote": false,
    "salaire_min": 42000,
    "salaire_max": 72000,
    "salaire_predicted": "0",
    "url": "https://www.adzuna.nl/details/5277311850?utm_medium=api&utm_source=03d8c83f",
    "date_collected": "20250704_1120"
  },
  {
    "pays": "Netherlands",
    "code_pays": "nl",
    "titre": "Frontend Developer - Rotterdam",
    "description": "Frontend Developer - Social Messaging Platform - Rotterdam, Netherlands (Tech stack: Frontend Developer, HTML, CSS, TypeScript, JavaScript, Angular, React, VueJS, jQuery, Web, UI, UX, User Interface, User Experience, Front End, Frontend Developer) In 2012, our client launched a social messaging platform that has been making waves in the US. Following a period of remarkable success, the company has decided to extend its reach across the Atlantic, aiming to establish a strong presence in the UK a…",
    "secteur": "IT ICT vacatures",
    "skills": [
      "react",
      "typescript",
      "angular"
    ],
    "techno_recherche": "react",
    "is_remote": false,
    "salaire_min": 60000,
    "salaire_max": 84000,
    "salaire_predicted": "0",
    "url": "https://www.adzuna.nl/details/5277053088?utm_medium=api&utm_source=03d8c83f",
    "date_collected": "20250704_1120"
  },
  {
    "pays": "Netherlands",
    "code_pays": "nl",
    "titre": ".NET Software Engineer - Leading E-Book Firm - Rotterdam",
    "description": ".NET Software Engineer - Leading E-Book Firm - Rotterdam, Netherlands (Tech stack: .NET Software Engineer, .NET 8, ASP.NET, C#, React, Angular 17, Microservices, Vue.js, TypeScript, Azure, Web API 2, Agile, SQL Server 2022, Programmer, Full Stack Developer, Architect, Ontwikkelaar, .NET Software Engineer) Our client are a leading e-book firm who are on a mission to build the best reading experience, one that is both communal and personal, anytime, anywhere. Having recently opened their uber-chi…",
    "secteur": "IT ICT vacatures",
    "skills": [
      "react",
      "sql",
      "typescript",
      "angular",
      "azure"
    ],
    "techno_recherche": "react",
    "is_remote": false,
    "salaire_min": 60000,
    "salaire_max": 72000,
    "salaire_predicted": "0",
    "url": "https://www.adzuna.nl/details/5277053080?utm_medium=api&utm_source=03d8c83f",
    "date_collected": "20250704_1120"
  },
  {
    "pays": "Netherlands",
    "code_pays": "nl",
    "titre": ".NET Software Engineer, C# - Global Tech Brand - Amsterdam",
    "description": ".NET Software Engineer, C# - Global Technology Brand - Amsterdam, Netherlands (Tech stack: .NET Software Engineer, .NET 8, ASP.NET, C#, WPF, React, Angular 17, Microservices, Azure, Web API 2, Entity Framework, Agile, Programmer, Full Stack Developer, Architect, Ontwikkelaar, .NET Software Engineer) Our clients fascinating story dates back to 1981; today they have fast become one of the most instantly recognised technology brands across the globe. Their success has been built upon their reputat…",
    "secteur": "IT ICT vacatures",
    "skills": [
      "react",
      "angular",
      "azure"
    ],
    "techno_recherche": "react",
    "is_remote": false,
    "salaire_min": 72000,
    "salaire_max": 96000,
    "salaire_predicted": "0",
    "url": "https://www.adzuna.nl/details/5277053084?utm_medium=api&utm_source=03d8c83f",
    "date_collected": "20250704_1120"
  },
  {
    "pays": "Netherlands",
    "code_pays": "nl",
    "titre": "Frontend Developer - Eindhoven",
    "description": "Frontend Developer - Global Internet Icon - Eindhoven, Netherlands (Tech stack: Frontend Developer, HTML, CSS, TypeScript, JavaScript, jQuery, React, VueJS, Web, UI, UX, User Interface, User Experience, Front End, Frontend Developer) Our client, a longstanding internet icon that has evolved into a diversified modern media company, is embarking on one of the most ambitious projects since the inception of the World Wide Web. We are actively seeking a Frontend Developer to join this exciting ventu…",
    "secteur": "IT ICT vacatures",
    "skills": [
      "react",
      "typescript"
    ],
    "techno_recherche": "react",
    "is_remote": false,
    "salaire_min": 45000,
    "salaire_max": 66000,
    "salaire_predicted": "0",
    "url": "https://www.adzuna.nl/details/5277053086?utm_medium=api&utm_source=03d8c83f",
    "date_collected": "20250704_1120"
  },
  {
    "pays": "Netherlands",
    "code_pays": "nl",
    "titre": ".NET Software Engineer, .NET 8, C#, Agile - Rotterdam",
    "description": ".NET Software Engineer, .NET 8, C#, Agile - Rotterdam, Netherlands (Tech stack: .NET Software Engineer, .NET 8, ASP.NET, C#, React, Angular 17, Microservices, Vue.js, TypeScript, Azure, Web API 2, Agile, SQL Server 2022, Programmer, Full Stack Developer, Architect, Ontwikkelaar, .NET Software Engineer) We're pleased to announce the arrival in the Netherlands of one of Silicon Valley's most successful and exciting brands. They're at the heart of the internet, helping the most innovative companie…",
    "secteur": "IT ICT vacatures",
    "skills": [
      "react",
      "sql",
      "typescript",
      "angular",
      "azure"
    ],
    "techno_recherche": "react",
    "is_remote": false,
    "salaire_min": 72000,
    "salaire_max": 96000,
    "salaire_predicted": "0",
    "url": "https://www.adzuna.nl/details/5277053085?utm_medium=api&utm_source=03d8c83f",
    "date_collected": "20250704_1120"
  },
  {
    "pays": "Netherlands",
    "code_pays": "nl",
    "titre": "Frontend Developer - Zwolle",
    "description": "Frontend Developer - Fintech Start Up - Zwolle , Netherlands (Tech stack: Front End Developer, JavaScript, HTML5, CSS3, Angular, KnockoutJS, BackboneJS, React, Angular, VueJS, jQuery Typescript, Web, UI, UX, User Interface, User Experience, Front End Developer) We have several fantastic new roles for Front End Developer to join an ambitious Fintech start-up. This is your chance to work with the sharpest minds in private wealth management and financial software development. Our client's latest p…",
    "secteur": "IT ICT vacatures",
    "skills": [
      "react",
      "typescript",
      "angular"
    ],
    "techno_recherche": "react",
    "is_remote": false,
    "salaire_min": 60000,
    "salaire_max": 84000,
    "salaire_predicted": "0",
    "url": "https://www.adzuna.nl/details/5277053096?utm_medium=api&utm_source=03d8c83f",
    "date_collected": "20250704_1120"
  },
  {
    "pays": "Netherlands",
    "code_pays": "nl",
    "titre": "Frontend Developer - Eindhoven",
    "description": "Frontend Developer - Social Networking Site - Eindhoven, Netherlands (Tech stack: Frontend Developer, HTML, CSS, JavaScript, React, Redux, React Router, TypeScript, Cypress, Angular, VueJS, jQuery, Web, UI, UX, User Interface, User Experience, Front End, Frontend Developer) Our client is the world's largest social networking website, aiming to become the biggest site globally! Operating in 25 countries, their planned expansion for the next 12 months will add another 10 countries, doubling their…",
    "secteur": "IT ICT vacatures",
    "skills": [
      "react",
      "typescript",
      "angular"
    ],
    "techno_recherche": "react",
    "is_remote": false,
    "salaire_min": 72000,
    "salaire_max": 108000,
    "salaire_predicted": "0",
    "url": "https://www.adzuna.nl/details/5277053089?utm_medium=api&utm_source=03d8c83f",
    "date_collected": "20250704_1120"
  },
  {
    "pays": "Netherlands",
    "code_pays": "nl",
    "titre": "Frontend Developer - Amsterdam",
    "description": "Frontend Developer - Computer Gaming Company - Amsterdam, Netherlands (Tech stack: Frontend Developer, Angular, RxJs, HTML, CSS, TypeScript, JavaScript, jQuery, React, VueJS, Web, UI, UX, User Interface, User Experience, Front End, Angular Developer) Renowned for selling over 15 million game consoles and 75 million games in the last decade, our client stands as the world's most recognized video games publisher. We're currently seeking a talented Frontend Developer to join our team and contribut…",
    "secteur": "IT ICT vacatures",
    "skills": [
      "react",
      "typescript",
      "angular"
    ],
    "techno_recherche": "react",
    "is_remote": false,
    "salaire_min": 54000,
    "salaire_max": 75000,
    "salaire_predicted": "0",
    "url": "https://www.adzuna.nl/details/5277052656?utm_medium=api&utm_source=03d8c83f",
    "date_collected": "20250704_1120"
  },
  {
    "pays": "Netherlands",
    "code_pays": "nl",
    "titre": "Frontend Developer - Amsterdam",
    "description": "Frontend Developer - Leading E-Book Firm - Amsterdam, Netherlands (Tech stack: Frontend Developer, React, Redux, React Router, TypeScript, Cypress, JavaScript, Angular, VueJS, jQuery Web, UI, UX, User Interface, User Experience, Front End, Frontend Developer) Our client, a leading e-book firm, is dedicated to creating the best reading experience - one that is both communal and personal, anytime, anywhere. With their recently opened, stylish offices in the Netherlands, they are actively seeking …",
    "secteur": "IT ICT vacatures",
    "skills": [
      "react",
      "typescript",
      "angular"
    ],
    "techno_recherche": "react",
    "is_remote": false,
    "salaire_min": 78000,
    "salaire_max": 96000,
    "salaire_predicted": "0",
    "url": "https://www.adzuna.nl/details/5277052654?utm_medium=api&utm_source=03d8c83f",
    "date_collected": "20250704_1120"
  },
  {
    "pays": "Netherlands",
    "code_pays": "nl",
    "titre": ".NET Software Engineer - Fintech - Amsterdam, Netherlands",
    "description": ".NET Software Engineer - Fintech - Amsterdam, Netherlands (Tech stack: .NET Software Engineer, .NET 8, C#, ASP.NET, C#, React, Angular 17, Microservices, Vue.js, TypeScript, Azure, Web API 2, Agile, SQL Server 2022, Programmer, Full Stack Developer, Architect, Ontwikkelaar, .NET Software Engineer) We have several fantastic new roles for .NET Software Engineer to join an ambitious Fintech. This is your chance to work with the sharpest minds in private wealth management and financial software dev…",
    "secteur": "IT ICT vacatures",
    "skills": [
      "react",
      "sql",
      "typescript",
      "angular",
      "azure"
    ],
    "techno_recherche": "react",
    "is_remote": false,
    "salaire_min": 96000,
    "salaire_max": 120000,
    "salaire_predicted": "0",
    "url": "https://www.adzuna.nl/details/5277052647?utm_medium=api&utm_source=03d8c83f",
    "date_collected": "20250704_1120"
  },
  {
    "pays": "Netherlands",
    "code_pays": "nl",
    "titre": ".NET Software Engineer - Global Fitness Movement - Amsterdam",
    "description": ".NET Software Engineer - Global Fitness Movement - Amsterdam, Netherlands (Tech stack: .NET Software Engineer, .NET 8, ASP.NET, C#, React, Angular 17, Microservices, Vue.js, TypeScript, Azure, Web API 2, Agile, SQL Server 2022, Programmer, Full Stack Developer, Architect, Ontwikkelaar, .NET Software Engineer) Born in 2012 in California, our client began development on an app and website that made finding and booking classes effortless for fitness goers across the state. The company is now chang…",
    "secteur": "IT ICT vacatures",
    "skills": [
      "react",
      "sql",
      "typescript",
      "angular",
      "azure"
    ],
    "techno_recherche": "react",
    "is_remote": false,
    "salaire_min": 60000,
    "salaire_max": 72000,
    "salaire_predicted": "0",
    "url": "https://www.adzuna.nl/details/5277052652?utm_medium=api&utm_source=03d8c83f",
    "date_collected": "20250704_1120"
  },
  {
    "pays": "Netherlands",
    "code_pays": "nl",
    "titre": ".NET Software Engineer - Entertainment Company - Breda",
    "description": ".NET Software Engineer - World Class Entertainment Company - Breda, Netherlands (Tech stack: .NET Software Engineer, .NET 8, ASP.NET, C#, React, Angular 17, Microservices, Vue.js, TypeScript, Azure, Web API 2, Agile, SQL Server 2022, Programmer, Full Stack Developer, Architect, .NET Software Engineer) Our client has been producing unparalleled entertainment experiences for over 50 years. Today their global business comprises of: film studios, television stations, theme parks, media networks and…",
    "secteur": "IT ICT vacatures",
    "skills": [
      "react",
      "sql",
      "typescript",
      "angular",
      "azure"
    ],
    "techno_recherche": "react",
    "is_remote": false,
    "salaire_min": 60000,
    "salaire_max": 84000,
    "salaire_predicted": "0",
    "url": "https://www.adzuna.nl/details/5277052655?utm_medium=api&utm_source=03d8c83f",
    "date_collected": "20250704_1120"
  },
  {
    "pays": "Netherlands",
    "code_pays": "nl",
    "titre": "Frontend Developer - The Hague",
    "description": "Frontend Developer - Global Fitness Movement - The Hague (Tech stack: Front End Developer, JavaScript, HTML5, CSS3, Angular, KnockoutJS, BackboneJS, React, VueJS, jQuery Typescript, Web, UI, UX, User Interface, User Experience, Front End Developer) Established in 2012 in California, our client embarked on developing an app and website that streamlined the process of finding and booking fitness classes for enthusiasts across the state. Today, the company is transforming how people lead their liv…",
    "secteur": "IT ICT vacatures",
    "skills": [
      "react",
      "typescript",
      "angular"
    ],
    "techno_recherche": "react",
    "is_remote": false,
    "salaire_min": 48000,
    "salaire_max": 81600,
    "salaire_predicted": "0",
    "url": "https://www.adzuna.nl/details/5277052657?utm_medium=api&utm_source=03d8c83f",
    "date_collected": "20250704_1120"
  },
  {
    "pays": "Netherlands",
    "code_pays": "nl",
    "titre": ".NET Software Engineer - Social Messaging Platform - Amsterdam",
    "description": ".NET Software Engineer - Social Messaging Platform - Amsterdam, Netherlands (Tech stack: .NET Software Engineer, .NET 8, Web API 2, Entity Framework, Microservices, Azure, Programmer, Full Stack Developer, Architect, Ontwikkelaar, .NET Software Engineer) In 2012 our client launched a social messaging platform that has been taking the US by storm. After an extremely successful period our client has decided to hop across the Atlantic, in a bid to expand their sphere of influence and take up a fir…",
    "secteur": "IT ICT vacatures",
    "skills": [
      "azure"
    ],
    "techno_recherche": "react",
    "is_remote": false,
    "salaire_min": 96000,
    "salaire_max": 120000,
    "salaire_predicted": "0",
    "url": "https://www.adzuna.nl/details/5277052527?utm_medium=api&utm_source=03d8c83f",
    "date_collected": "20250704_1120"
  },
  {
    "pays": "Netherlands",
    "code_pays": "nl",
    "titre": "Fullstack developer",
    "description": "Hier kun je eindeloos doorgroeien in je functie, krijg je direct een vast contract én word je onderdeel van onze hechte “familie”. Dit ga je doen Als Fullstack Developer werk je aan het vereenvoudigen van complexe vraagstukken met onze innovatieve softwareoplossing, DailyDrive . Deze app, gebouwd op Microsoft 365, biedt klanten uitgebreide functionaliteiten zoals een volledig ingericht intranet, documentmanagement, digitale vergadertools en meer. Jouw expertise maakt hierin het verschil, zowel …",
    "secteur": "IT ICT vacatures",
    "skills": [],
    "techno_recherche": "react",
    "is_remote": false,
    "salaire_min": 60000,
    "salaire_max": 60000,
    "salaire_predicted": "0",
    "url": "https://www.adzuna.nl/details/5275917570?utm_medium=api&utm_source=03d8c83f",
    "date_collected": "20250704_1120"
  },
  {
    "pays": "Netherlands",
    "code_pays": "nl",
    "titre": "Software Engineer (Java/GoLang)",
    "description": "Software Engineer (Java/GoLang) Are you an enthusiastic Software Engineer with DevOps experience, looking to make a significant impact in the telco business? then check out our new opening! The Swisscom Production Service and Resource Catalog is the basis for transparency and automation for every Service in Swisscom. By working on it you will have great impact on making Swisscom more data driven and automated. Its a high profile project which has a lot of attention. It is in an advanced stage o…",
    "secteur": "IT ICT vacatures",
    "skills": [
      "java"
    ],
    "techno_recherche": "react",
    "is_remote": false,
    "salaire_min": 55000,
    "salaire_max": 65000,
    "salaire_predicted": "0",
    "url": "https://www.adzuna.nl/details/5275916537?utm_medium=api&utm_source=03d8c83f",
    "date_collected": "20250704_1120"
  },
  {
    "pays": "Netherlands",
    "code_pays": "nl",
    "titre": "UX Engineer",
    "description": "About us Hey there! We re Lleverage.ai, and we re making AI automation actually achievable for businesses. We enable teams to capture, automate, and integrate AI-driven workflows and agents into their business, because AI is only useful when it actually fits into daily operations. We re a team of entrepreneurs and innovators, who believe the future of work is 80% creativity, strategy, and human interaction, because AI takes care of the rest. If that sounds something you want to help build, we d…",
    "secteur": "Bouwkunde vacatures",
    "skills": [],
    "techno_recherche": "react",
    "is_remote": false,
    "salaire_min": 70000,
    "salaire_max": 100000,
    "salaire_predicted": "0",
    "url": "https://www.adzuna.nl/details/5275916372?utm_medium=api&utm_source=03d8c83f",
    "date_collected": "20250704_1120"
  },
  {
    "pays": "Netherlands",
    "code_pays": "nl",
    "titre": "Full Stack Engineer",
    "description": "About us Hey there! We re Lleverage.ai, and we re making AI automation actually achievable for businesses. We enable teams to capture, automate, and integrate AI-driven workflows and agents into their business, because AI is only useful when it actually fits into daily operations. We re a team of entrepreneurs and innovators, who believe the future of work is 80% creativity, strategy, and human interaction, because AI takes care of the rest. If that sounds something you want to help build, we d…",
    "secteur": "Bouwkunde vacatures",
    "skills": [],
    "techno_recherche": "react",
    "is_remote": false,
    "salaire_min": 80000,
    "salaire_max": 100000,
    "salaire_predicted": "0",
    "url": "https://www.adzuna.nl/details/5275916277?utm_medium=api&utm_source=03d8c83f",
    "date_collected": "20250704_1120"
  },
  {
    "pays": "Netherlands",
    "code_pays": "nl",
    "titre": "Senior Front-end developer",
    "description": "Ben jij op zoek naar een functie als Senior Front-end developer waarin je dagelijks werkt met de tofste technieken, zoals React, GraphQL en Monorepo? Je bent in deze functie samen met je teamleden verantwoordelijk voor het bouwen, onderhouden en testen van de software die bijdraagt aan de werking van beslist. Vanwege de high-traffic architectuur dien je als Front-end developer rekening te houden met vele variabelen en de impact van veranderingen. Ben jij een pragmatische developer die goed nade…",
    "secteur": "IT ICT vacatures",
    "skills": [
      "react"
    ],
    "techno_recherche": "react",
    "is_remote": false,
    "salaire_min": 56231,
    "salaire_max": 75570,
    "salaire_predicted": "0",
    "url": "https://www.adzuna.nl/details/5275916188?utm_medium=api&utm_source=03d8c83f",
    "date_collected": "20250704_1120"
  },
  {
    "pays": "Netherlands",
    "code_pays": "nl",
    "titre": "Senior Front-end developer (React)",
    "description": "Ben jij op zoek naar een functie als Senior Front-end developer waarin je dagelijks werkt met de tofste technieken, zoals React, GraphQL en Monorepo? Je bent in deze functie samen met je teamleden verantwoordelijk voor het bouwen, onderhouden en testen van de software die bijdraagt aan de werking van beslist. Vanwege de high-traffic architectuur dien je als Front-end developer rekening te houden met vele variabelen en de impact van veranderingen. Ben jij een pragmatische developer die goed nade…",
    "secteur": "IT ICT vacatures",
    "skills": [
      "react"
    ],
    "techno_recherche": "react",
    "is_remote": false,
    "salaire_min": 56231,
    "salaire_max": 75570,
    "salaire_predicted": "0",
    "url": "https://www.adzuna.nl/details/5275916048?utm_medium=api&utm_source=03d8c83f",
    "date_collected": "20250704_1120"
  },
  {
    "pays": "Netherlands",
    "code_pays": "nl",
    "titre": "Junior React Developer",
    "description": "Als Junior React Developer werk je samen met het Front-end team aan het Thinkwise Platform. Je ondersteunt het team bij het opleveren en optimaliseren van platformfeatures die door duizenden gebruikers worden gebruikt. Het Front-end team ontwikkelt met de nieuwste technieken een abstracte cross-platform GUI voor desktop, web en mobiel. Tijdens run-time bouwt de GUI, gebaseerd op het model van de eindapplicatie, de gebruikersinterface met dynamische componenten. Belangrijkste verantwoordelijkhed…",
    "secteur": "IT ICT vacatures",
    "skills": [
      "react"
    ],
    "techno_recherche": "react",
    "is_remote": false,
    "salaire_min": 39180,
    "salaire_max": 50280,
    "salaire_predicted": "0",
    "url": "https://www.adzuna.nl/details/5273629644?utm_medium=api&utm_source=03d8c83f",
    "date_collected": "20250704_1120"
  },
  {
    "pays": "Netherlands",
    "code_pays": "nl",
    "titre": "Front-end Engineer",
    "description": "Front-end Engineer | Bouw meeslepende, datarijke webapps Stap in een rol waarin jouw code het gezicht vormt van innovatieve applicaties. Als Front-end Engineer ontwerp, bouw en beheer je UI’s met moderne technologieën zoals ES6, React, TypeScript, Node.js, GraphQL, SQL/NoSQL, CSS-in-JS, Redux en Webpack. Jouw missie: hoogwaardige, goed geteste en toegankelijke gebruikerservaringen neerzetten. Wat je doet • Ontwikkelen van dynamische, gebruiksvriendelijke interfaces met React, Jest, Enzyme en ge…",
    "secteur": "IT ICT vacatures",
    "skills": [
      "react",
      "sql",
      "node",
      "typescript"
    ],
    "techno_recherche": "react",
    "is_remote": false,
    "salaire_min": 72000,
    "salaire_max": 72000,
    "salaire_predicted": "0",
    "url": "https://www.adzuna.nl/details/5273057159?utm_medium=api&utm_source=03d8c83f",
    "date_collected": "20250704_1120"
  },
  {
    "pays": "Netherlands",
    "code_pays": "nl",
    "titre": "PL | Frontend Engineer | Amsterdam | 80k | Fintech",
    "description": "Our client is transforming legacy infrastructure in the $8TN securities finance market through cutting edge technology. With teams in Amsterdam and New York, they’ve built a cloud native, SEC registered trading platform that replaces outdated systems used by major institutions like DTCC. Their mission: bring transparency and efficiency to a complex market through engineering excellence. The Role: Frontend Engineer You’ll build intuitive interfaces for a high stakes trading platform used by inst…",
    "secteur": "Adviseur en Consultancy vacatures",
    "skills": [],
    "techno_recherche": "react",
    "is_remote": false,
    "salaire_min": 60000,
    "salaire_max": 60000,
    "salaire_predicted": "0",
    "url": "https://www.adzuna.nl/details/5272362148?utm_medium=api&utm_source=03d8c83f",
    "date_collected": "20250704_1120"
  },
  {
    "pays": "Netherlands",
    "code_pays": "nl",
    "titre": "Medior Front-end developer",
    "description": "Als medior front-end developer werk je mee aan de zorg van morgen. Jij zorgt ervoor dat de website logisch aanvoelt voor onze gebruikers. Je weet precies wat er werkt op het web en kunt dit moeiteloos toepassen, zodat onze websites op alle devices als een zonnetje draaien. Je weet hoe je een website toegankelijk moet maken voor mensen met een beperking. Als onderdeel van het van het development-team maak jij van een ontwerp, werkelijkheid. Vanuit jouw expertise en kennis ben jij degene die het …",
    "secteur": "IT ICT vacatures",
    "skills": [],
    "techno_recherche": "react",
    "is_remote": false,
    "salaire_min": 66000,
    "salaire_max": 66000,
    "salaire_predicted": "0",
    "url": "https://www.adzuna.nl/details/5270744194?utm_medium=api&utm_source=03d8c83f",
    "date_collected": "20250704_1120"
  },
  {
    "pays": "Netherlands",
    "code_pays": "nl",
    "titre": "Manager/ Teamlead Software Engineering",
    "description": "Intro Wil jij verantwoordelijk zijn voor de continue ontwikkeling van een platform dat directe impact maakt op de verduurzaming van het Nederlandse mobiliteitslandschap? Krijg jij energie van het aansturen van meerdere IT ontwikkelteams? Word dan Teammanager Engineering bij NS Mobiliteitsdiensten! In deze allround rol ben je op tactisch en operationeel niveau verantwoordelijk voor de IT teams binnen onze organisatie. Ben jij analytisch en kun je als geen ander overzicht bewaren? Solliciteer dan…",
    "secteur": "Unknown",
    "skills": [],
    "techno_recherche": "react",
    "is_remote": false,
    "salaire_min": 70000,
    "salaire_max": 100000,
    "salaire_predicted": "0",
    "url": "https://www.adzuna.nl/details/5269283717?utm_medium=api&utm_source=03d8c83f",
    "date_collected": "20250704_1120"
  },
  {
    "pays": "Netherlands",
    "code_pays": "nl",
    "titre": "Operations Manager",
    "description": "As Operations Manager you are the leader of the Operations team and part of a larger, global operations team. Your role is to lead, motivate, develop, and scale the EU Operations team in a proper and personable way. You are the main Operations contact person for our EU site. In this role, you'll be responsible for: Leading : Managing and developing the operations team through flexible resource planning, including warehouse management, manufacturing, and customer support. You’ll motivate and ins…",
    "secteur": "Industriële vacatures",
    "skills": [],
    "techno_recherche": "react",
    "is_remote": false,
    "salaire_min": 64800,
    "salaire_max": 90720,
    "salaire_predicted": "0",
    "url": "https://www.adzuna.nl/details/5267813965?utm_medium=api&utm_source=03d8c83f",
    "date_collected": "20250704_1120"
  },
  {
    "pays": "Netherlands",
    "code_pays": "nl",
    "titre": "Fullstack Ontwikkelaar (PHP Symfony en React)",
    "description": "Ben jij een ervaren Full Stack Developer met een passie voor innovatieve technologieën en het bouwen van schaalbare platforms? Wil je werken in een klein, dynamisch team en een belangrijke rol spelen in de verdere ontwikkeling van een platform voor het aannemen van remote professionals? Lees dan verder, want dit is de kans die je zoekt! Onderhouden en verbeteren van het bestaande platform, gebaseerd op PHP Symfony en React. Nieuwe features ontwikkelen, met de nadruk op AI-integraties. Het platf…",
    "secteur": "Unknown",
    "skills": [
      "react"
    ],
    "techno_recherche": "react",
    "is_remote": true,
    "salaire_min": 54000,
    "salaire_max": 66000,
    "salaire_predicted": "0",
    "url": "https://www.adzuna.nl/land/ad/5267791880?se=uNhSjLhY8BG-COK7r-9g4g&utm_medium=api&utm_source=03d8c83f&v=F4BE6524B90267D312DAEE6CE642A83FAA90C7F9",
    "date_collected": "20250704_1120"
  },
  {
    "pays": "Netherlands",
    "code_pays": "nl",
    "titre": "Senior Software Engineer Netcongestie",
    "description": "Enexis Netbeheer, onderdeel van de Enexis Groep, voorziet ruim drie miljoen huishoudens en bedrijven in Nederland van elektriciteit en gas. Je stapt in op een spannend moment: de energietransitie is in volle gang en verandert onze organisatie ingrijpend. Projecten zoals slim onderhoud, energieteruglevering, aardgasvrije woningen en windenergie zijn slechts enkele voorbeelden van waar we dagelijks hard aan werken. Dit betekent dat er talloze processen zijn waarin jouw bijdrage het verschil kan m…",
    "secteur": "Unknown",
    "skills": [],
    "techno_recherche": "react",
    "is_remote": false,
    "salaire_min": 56016,
    "salaire_max": 80016,
    "salaire_predicted": "0",
    "url": "https://www.adzuna.nl/land/ad/5267791570?se=uNhSjLhY8BG-COK7r-9g4g&utm_medium=api&utm_source=03d8c83f&v=F9F35BFBD948EF175F0DC9E3471D1E7E35CA052B",
    "date_collected": "20250704_1120"
  },
  {
    "pays": "Netherlands",
    "code_pays": "nl",
    "titre": "Medior Cloud .NET Developer bij Cloud Republic",
    "description": "De highlights van jouw volgende uitdaging als medior Cloud .NET Developer: Bouw slimme applicaties met echte impact en denk mee over de architectuur, samen met de klant Leren van n met collega s tijdens kennissessies, Lunch&Learn en Dev Talks Geen standaard pad, maar jouw pad met ruimte voor technische verdieping of nieuwe rollen Vakmanschap in een relaxte sfeer; hier werk je met mensen die je inspireren n laten lachen Bouw jij graag aan slimme, schaalbare oplossingen in de Azure-cloud? Je werk…",
    "secteur": "IT ICT vacatures",
    "skills": [
      "azure"
    ],
    "techno_recherche": "react",
    "is_remote": false,
    "salaire_min": 47400,
    "salaire_max": 70800,
    "salaire_predicted": "0",
    "url": "https://www.adzuna.nl/details/5265978155?utm_medium=api&utm_source=03d8c83f",
    "date_collected": "20250704_1120"
  },
  {
    "pays": "Netherlands",
    "code_pays": "nl",
    "titre": "Senior Cloud .NET Developer bij Cloud Republic",
    "description": "De highlights van jouw volgende uitdaging als senior Cloud .NET Developer: Bouw slimme cloudapplicaties met echte impact vanaf architectuur tot livegang, altijd in overleg met de klant. Blijf groeien en deel je kennis in kennissessies en onze maandelijkse Lunch&Learn, onze eigen podcast Dev Talks f zelfs op events als Azure Fest en Techorama. Jouw pad, jouw tempo met technische verdieping, architect of tech lead: jij bepaalt hoe je verder groeit. Vakmanschap met een relaxte sfeer in een informe…",
    "secteur": "IT ICT vacatures",
    "skills": [
      "azure"
    ],
    "techno_recherche": "react",
    "is_remote": false,
    "salaire_min": 54000,
    "salaire_max": 81000,
    "salaire_predicted": "0",
    "url": "https://www.adzuna.nl/details/5265978146?utm_medium=api&utm_source=03d8c83f",
    "date_collected": "20250704_1120"
  },
  {
    "pays": "Netherlands",
    "code_pays": "nl",
    "titre": "FC | Fullstack Engineer (Laravel, Node, React) | SaaS | Amsterdam",
    "description": "We’re looking for a Fullstack Software Engineer (Laravel, Node, React) with a strong entrepreneurial autonomous mindset and a solid engineering foundation to join our growing team. If you're energized by building from scratch, taking ownership across the stack, and thriving in high autonomy environments, this role is for you. What are your tasks - Design, build, and scale core features and services SaaS across our fullstack (Laravel PHP, Node.js, React, Next.js) - Take end to end ownership of t…",
    "secteur": "Adviseur en Consultancy vacatures",
    "skills": [
      "react",
      "node"
    ],
    "techno_recherche": "react",
    "is_remote": false,
    "salaire_min": 60000,
    "salaire_max": 60000,
    "salaire_predicted": "0",
    "url": "https://www.adzuna.nl/details/5265914552?utm_medium=api&utm_source=03d8c83f",
    "date_collected": "20250704_1120"
  },
  {
    "pays": "Netherlands",
    "code_pays": "nl",
    "titre": "FC | REMOTE | Fullstack Engineer (Laravel, Node, React) | SaaS | (EU Only)",
    "description": "This is a remote position. We’re looking for a Fully REMOTE Fullstack Software Engineer (Laravel, Node, React) (EU nationals only) with a strong entrepreneurial autonomous mindset and a solid engineering foundation to join our growing team. If you're energized by building from scratch, taking ownership across the stack, and thriving in high autonomy environments, this role is for you. What are your tasks - Design, build, and scale core features and services SaaS across our fullstack (Laravel PH…",
    "secteur": "Adviseur en Consultancy vacatures",
    "skills": [
      "react",
      "node"
    ],
    "techno_recherche": "react",
    "is_remote": true,
    "salaire_min": 60000,
    "salaire_max": 60000,
    "salaire_predicted": "0",
    "url": "https://www.adzuna.nl/details/5265914554?utm_medium=api&utm_source=03d8c83f",
    "date_collected": "20250704_1120"
  },
  {
    "pays": "Netherlands",
    "code_pays": "nl",
    "titre": "Java Developer",
    "description": "Wil jij jezelf blijven ontwikkelen en werken in een team waar je je direct thuis voelt? Ben jij een Java developer die op zoek is naar uitdagende projecten en een organisatie die echt aandacht heeft voor jou? Dan zijn we op zoek naar jou! Wat ga je doen? Als Java developer bij onze opdrachtgever werk je aan afwisselende en uitdagende opdrachten voor (middel)grote organisaties in een dynamisch ICT-landschap. In deze rol houd je je bezig met zowel back-end als front-end ontwikkeling op basis van …",
    "secteur": "IT ICT vacatures",
    "skills": [
      "java"
    ],
    "techno_recherche": "react",
    "is_remote": false,
    "salaire_min": 36000,
    "salaire_max": 72000,
    "salaire_predicted": "0",
    "url": "https://www.adzuna.nl/details/5264141506?utm_medium=api&utm_source=03d8c83f",
    "date_collected": "20250704_1120"
  },
  {
    "pays": "Netherlands",
    "code_pays": "nl",
    "titre": "Lead .NET/Azure developer bij Cloud Republic",
    "description": "Dit is waarom je Lead Developer bij Cloud Republic wilt worden Samen met je team groeien naar een hoger niveau laat jouw hart sneller kloppen. Je bent graag omringd met collega s en vindt het daarom fijn dat we in teams bij de klant werken. Ruimte en vrijheid staan hoog op je lijstje n op die van ons. We vinden werk-priv balans heel belangrijk en bewegen graag met je mee. Zin in gezelligheid? Die is er volop, denk aan: het weekend inluiden met biertjes van onze huisbrouwerij Oproer of meespelen…",
    "secteur": "IT ICT vacatures",
    "skills": [
      "azure"
    ],
    "techno_recherche": "react",
    "is_remote": false,
    "salaire_min": 59400,
    "salaire_max": 88800,
    "salaire_predicted": "0",
    "url": "https://www.adzuna.nl/details/5264140932?utm_medium=api&utm_source=03d8c83f",
    "date_collected": "20250704_1120"
  },
  {
    "pays": "Netherlands",
    "code_pays": "nl",
    "titre": "Senior .NET/Azure developer bij Cloud Republic",
    "description": "Dit is waarom je Cloud Developer bij Cloud Republic wilt worden Persoonlijke ontwikkeling is voor jou een must. Elke week iets nieuws leren laat jouw developer hart sneller kloppen. Je bent graag omringd met collega s en vindt het daarom fijn dat we in teams bij de klant werken. Ruimte en vrijheid staan hoog op je lijstje. Podcast opnemen of aan de slag met een nieuwe techniek? Gaan! Zin in gezelligheid? Die is er volop, denk aan: het weekend inluiden met biertjes van onze huisbrouwerij Oproer …",
    "secteur": "IT ICT vacatures",
    "skills": [
      "azure"
    ],
    "techno_recherche": "react",
    "is_remote": false,
    "salaire_min": 54000,
    "salaire_max": 81000,
    "salaire_predicted": "0",
    "url": "https://www.adzuna.nl/details/5264140918?utm_medium=api&utm_source=03d8c83f",
    "date_collected": "20250704_1120"
  },
  {
    "pays": "Netherlands",
    "code_pays": "nl",
    "titre": "Medior .NET developer bij Garansys",
    "description": "Genoeg uitdaging en diversiteit met klanten in de verschillende segmenten maritiem, verzekering en logistiek Geen enkele dag en klant is hetzelfde! Sta zelf aan het stuur van jouw eigen carri re You the Microsoft Stack, net als wij Werk met ons aan uitdagende en gave projecten! Als medior .NET software developer bij Garansys beschik je over een bak aan relevante werkervaring n de drive om jezelf continu uit te willen blijven dagen. Samen met een aantal vaste collega's waaronder Maarten en Joep …",
    "secteur": "IT ICT vacatures",
    "skills": [],
    "techno_recherche": "react",
    "is_remote": false,
    "salaire_min": 48000,
    "salaire_max": 72000,
    "salaire_predicted": "0",
    "url": "https://www.adzuna.nl/details/5264140678?utm_medium=api&utm_source=03d8c83f",
    "date_collected": "20250704_1120"
  },
  {
    "pays": "Netherlands",
    "code_pays": "nl",
    "titre": "Medior .NET/Azure developer bij Cloud Republic",
    "description": "Dit is waarom je Cloud Developer bij Cloud Republic wilt worden Persoonlijke ontwikkeling is voor jou een must. Elke week iets nieuws leren laat jouw developer hart sneller kloppen. Je bent graag omringd met collega s en vindt het daarom fijn dat we in teams bij de klant werken. Ruimte en vrijheid staan hoog op je lijstje. Podcast opnemen of aan de slag met een nieuwe techniek? Gaan! Zin in gezelligheid? Die is er volop, denk aan: het weekend inluiden met biertjes van onze huisbrouwerij Oproer …",
    "secteur": "IT ICT vacatures",
    "skills": [
      "azure"
    ],
    "techno_recherche": "react",
    "is_remote": false,
    "salaire_min": 48600,
    "salaire_max": 73200,
    "salaire_predicted": "0",
    "url": "https://www.adzuna.nl/details/5264140560?utm_medium=api&utm_source=03d8c83f",
    "date_collected": "20250704_1120"
  },
  {
    "pays": "Netherlands",
    "code_pays": "nl",
    "titre": "Senior Full Stack Developer",
    "description": "Vacature: Senior Full Stack Developer – Bouw mee aan digitale toepassingen die ertoe doen Locatie: Hybride (Rotterdam op donderdag, Utrecht om de week op dinsdag) Ben jij een ervaren ontwikkelaar met een passie voor gebruiksvriendelijke digitale oplossingen? Wil je werken aan applicaties die direct bijdragen aan een beter toegankelijke en beheersbare leefomgeving? Dan is dit jouw kans om impact te maken binnen een multidisciplinair Agile-team. Wat ga je doen? Als Senior Full Stack Developer wer…",
    "secteur": "IT ICT vacatures",
    "skills": [],
    "techno_recherche": "react",
    "is_remote": false,
    "salaire_min": 84000,
    "salaire_max": 84000,
    "salaire_predicted": "0",
    "url": "https://www.adzuna.nl/details/5257622189?utm_medium=api&utm_source=03d8c83f",
    "date_collected": "20250704_1120"
  },
  {
    "pays": "Netherlands",
    "code_pays": "nl",
    "titre": "Edge-to-Cloud Software Engineer",
    "description": "At TOPIC, we work every day on innovative, high-tech solutions to make the world better, smarter, and healthier. Within this role in one of our internal projects, you will play a key role in driving technical innovation with a strong focus on your personal and professional development. \"Working at TOPIC gives you a flexible environment where there are amazing and challenging projects to keep on improving yourself\" Tom Verhees I Software Engineer at TOPIC Embedded Systems What will you do? As an…",
    "secteur": "Onderhoud vacatures",
    "skills": [],
    "techno_recherche": "react",
    "is_remote": false,
    "salaire_min": 50000,
    "salaire_max": 68000,
    "salaire_predicted": "0",
    "url": "https://www.adzuna.nl/details/5256652850?utm_medium=api&utm_source=03d8c83f",
    "date_collected": "20250704_1120"
  },
  {
    "pays": "Netherlands",
    "code_pays": "nl",
    "titre": "Full Stack .NET Developer",
    "description": "Vacature: Full Stack .NET Developer – Hoogwaardige Informatievoorziening Locatie: Regio Amersfoort | Hybride werken: 3 dagen op kantoor Werk mee aan innovatieve maatwerkoplossingen binnen een kritieke informatievoorzieningsomgeving waar betrouwbaarheid, veiligheid en continuïteit vooropstaan. Over de opdracht Binnen een technische ontwikkelomgeving werk je aan .NET/C# applicaties die gebruikers wereldwijd in staat stellen om onder alle omstandigheden op een veilige manier te communiceren en inf…",
    "secteur": "IT ICT vacatures",
    "skills": [],
    "techno_recherche": "react",
    "is_remote": false,
    "salaire_min": 84000,
    "salaire_max": 84000,
    "salaire_predicted": "0",
    "url": "https://www.adzuna.nl/details/5256046896?utm_medium=api&utm_source=03d8c83f",
    "date_collected": "20250704_1120"
  },
  {
    "pays": "Netherlands",
    "code_pays": "nl",
    "titre": "Medior front-end developer bij Garansys",
    "description": "Dit is waarom je aan de slag wil als medior front-end developer bij Garansys. Werk aan gave, afwisselende projecten: elke klant en applicatie is anders, dus geen dag en klant is hetzelfde! Blijf groeien en verbreden: ontwikkel je skills in front-end, duik in back-end of ontdek de (Azure) cloud. Maak deel uit van een hecht en kundig team: werk samen, leer van elkaar en help anderen groeien. Werk samen met ons aan innovatieve en gave projecten! Als medior front-end developer bij Garansys heb je r…",
    "secteur": "IT ICT vacatures",
    "skills": [
      "azure"
    ],
    "techno_recherche": "react",
    "is_remote": false,
    "salaire_min": 48000,
    "salaire_max": 72000,
    "salaire_predicted": "0",
    "url": "https://www.adzuna.nl/details/5254968590?utm_medium=api&utm_source=03d8c83f",
    "date_collected": "20250704_1120"
  },
  {
    "pays": "Netherlands",
    "code_pays": "nl",
    "titre": "Java Developer",
    "description": "Werken als Java Developer in een klein team op 10 minuutjes van Amsterdam Centraal voor een goed salaris. Jij hebt direct impact op de innovatieve softwareoplossingen die wij ontwikkelen om ondernemers te ondersteunen. Dankzij de explosieve groei die we de afgelopen jaren hebben doorgemaakt, staan we nu klaar voor de volgende fase: verdere expansie, zowel in Nederland als in de Benelux. Bij DigiBoox kom je terecht in een team waar ondernemerschap, autonomie en innovatie centraal staan en waar v…",
    "secteur": "IT ICT vacatures",
    "skills": [
      "java"
    ],
    "techno_recherche": "react",
    "is_remote": false,
    "salaire_min": 65000,
    "salaire_max": 100000,
    "salaire_predicted": "0",
    "url": "https://www.adzuna.nl/details/5253308732?utm_medium=api&utm_source=03d8c83f",
    "date_collected": "20250704_1120"
  },
  {
    "pays": "Netherlands",
    "code_pays": "nl",
    "titre": "Front-end Developer",
    "description": "Bij Veneta zitten we midden in een spannende digitale transformatie: we bouwen aan een compleet nieuw e-commerce platform. En we hebben jou nodig om dit visueel n functioneel tot leven te brengen. Heb jij een passie voor React, Typescript en een ijzersterk gevoel voor UX? Dan is dit je kans om het verschil te maken als Front-end Developer. Jouw uitdaging Als Front-end Developer bij Veneta speel jij een sleutelrol in de doorontwikkeling van ons gloednieuwe platform. Jij bent de schakel tussen de…",
    "secteur": "IT ICT vacatures",
    "skills": [
      "react",
      "typescript"
    ],
    "techno_recherche": "react",
    "is_remote": false,
    "salaire_min": 48000,
    "salaire_max": 62400,
    "salaire_predicted": "0",
    "url": "https://www.adzuna.nl/details/5253307866?utm_medium=api&utm_source=03d8c83f",
    "date_collected": "20250704_1120"
  },
  {
    "pays": "Netherlands",
    "code_pays": "nl",
    "titre": "Senior Fullstack Developer - Node.js, React, Typescript and Microservices",
    "description": "Booston is a fast-growing scale-up that develops innovative software to automate and improve recruitment. With more than 120 intermediaries, staffing agencies, and large employers using our software, we are both a software company and an online marketing company. Over het bedrijf Our software modules provide solutions for every aspect of online recruitment marketing, from employer branding to job posting and from search engine optimization to analytics and reporting. We have developed our own i…",
    "secteur": "Unknown",
    "skills": [
      "react",
      "node",
      "typescript"
    ],
    "techno_recherche": "react",
    "is_remote": false,
    "salaire_min": 52000,
    "salaire_max": 62400,
    "salaire_predicted": "0",
    "url": "https://www.adzuna.nl/details/5246545245?utm_medium=api&utm_source=03d8c83f",
    "date_collected": "20250704_1120"
  },
  {
    "pays": "Netherlands",
    "code_pays": "nl",
    "titre": "Junior Developer",
    "description": "Ben jij een leergierige en gemotiveerde developer met een passie voor het bouwen van slimme, schaalbare en gebruiksvriendelijke digitale toepassingen? Wil je deel uitmaken van een innovatief team dat technologie inzet om interactieve belevingen te creëren? Dan zijn wij op zoek naar jou! Taken Onze ideale kandidaat is een oplossingsgerichte en nieuwsgierige developer met een stevige basis in C# en een passie voor programmeren. Je hebt gevoel voor structuur, denkt in componenten en houdt ervan om…",
    "secteur": "IT ICT vacatures",
    "skills": [],
    "techno_recherche": "react",
    "is_remote": false,
    "salaire_min": 42000,
    "salaire_max": 51600,
    "salaire_predicted": "0",
    "url": "https://www.adzuna.nl/details/5244388007?utm_medium=api&utm_source=03d8c83f",
    "date_collected": "20250704_1120"
  },
  {
    "pays": "Netherlands",
    "code_pays": "nl",
    "titre": "Senior Software Engineer",
    "description": "At Hudl, we build great teams. We hire the best of the best to ensure you’re working with people you can constantly learn from. You’re trusted to get your work done your way while testing the limits of what’s possible and what’s next. We work hard to provide a culture where everyone feels supported, and our employees feel it—their votes helped us become one of Newsweek's Top 100 Global Most Loved Workplaces . We think of ourselves as the team behind the team, supporting the lifelong impact spor…",
    "secteur": "IT ICT vacatures",
    "skills": [],
    "techno_recherche": "react",
    "is_remote": false,
    "salaire_min": 59000,
    "salaire_max": 98000,
    "salaire_predicted": "0",
    "url": "https://www.adzuna.nl/details/5244108510?utm_medium=api&utm_source=03d8c83f",
    "date_collected": "20250704_1120"
  },
  {
    "pays": "Netherlands",
    "code_pays": "nl",
    "titre": "Senior Front End Developer",
    "description": "Senior Front End Developer Global Retailer - Utrecht Netherlands The Company and Role Our client is a global retail company with over 15,000 stores under 10 retail brands in with over 130,000 employees worldwide. very year, we are serving over 6 billion shoppers via their technology-enabled platforms. Their unique strategy is more about creating an integrated experience to better serve customers’ needs through digital transformation, that enables them to shop across any channel, anytime, anywhe…",
    "secteur": "PR Reclame en Marketing vacatures",
    "skills": [],
    "techno_recherche": "react",
    "is_remote": false,
    "salaire_min": 72000,
    "salaire_max": 72000,
    "salaire_predicted": "0",
    "url": "https://www.adzuna.nl/details/5241287837?utm_medium=api&utm_source=03d8c83f",
    "date_collected": "20250704_1120"
  },
  {
    "pays": "Netherlands",
    "code_pays": "nl",
    "titre": "Full-Stack Applicatieontwikkelaar – DevOps",
    "description": "Ben jij een ervaren full-stack ontwikkelaar met een passie voor Java en DevOps? Wil jij werken aan applicaties met een hoog vertrouwelijk karakter binnen een dynamisch team? Dan is deze uitdagende functie iets voor jou! Jouw rol als Full-Stack Applicatieontwikkelaar Als ontwikkelaar ben je een essentieel onderdeel van een DevOps-team binnen de afdeling Vertrouwelijke Informatie . Je werkt aan de ontwikkeling en optimalisatie van applicaties die cruciaal zijn voor de organisatie. Je zorgt ervoor…",
    "secteur": "IT ICT vacatures",
    "skills": [
      "java"
    ],
    "techno_recherche": "react",
    "is_remote": false,
    "salaire_min": 72000,
    "salaire_max": 72000,
    "salaire_predicted": "0",
    "url": "https://www.adzuna.nl/details/5239909846?utm_medium=api&utm_source=03d8c83f",
    "date_collected": "20250704_1120"
  },
  {
    "pays": "Netherlands",
    "code_pays": "nl",
    "titre": "Java developer",
    "description": "Ludicrous Dukes ontwikkelt en implementeert innovatieve ICT-oplossingen voor een breed scala aan klanten. Onze projecten variëren van complexe enterprise-oplossingen tot schaalbare cloudplatformen. De meeste van onze klanten bevinden zich in Nederland en zijn actief in uiteenlopende branches. Onze werkwijze kenmerkt zich door samenwerking, autonomie en een flinke dosis technisch vakmanschap. Wat ga jij doen als Java Developer bij Ludicrous Dukes? Als ervaren Java Developer werk je binnen ons de…",
    "secteur": "Vacatures Ander of Algemeen",
    "skills": [
      "java"
    ],
    "techno_recherche": "react",
    "is_remote": false,
    "salaire_min": 48000,
    "salaire_max": 84000,
    "salaire_predicted": "0",
    "url": "https://www.adzuna.nl/details/5236830411?utm_medium=api&utm_source=03d8c83f",
    "date_collected": "20250704_1120"
  },
  {
    "pays": "Netherlands",
    "code_pays": "nl",
    "titre": "Applicatiebeheerder LSIS",
    "description": "Ste SRQ149361. Stedin Over LSIS LSIS (Landelijk Station Inmeld Systeem) is een innovatieve en cruciale applicatie die bijdraagt aan de veiligheid van hoogspanningsstations in Nederland. In opdracht van Stedin, Alliander, Enexis en TenneT bouwen wij aan een betrouwbare, moderne en schaalbare oplossing. Per 1 september brengen wij het eerste product op de markt. LSIS is momenteel een aparte entiteit binnen Stedin, met als doel om in Q1 volgend jaar zelfstandig te opereren . Ons hechte team bestaa…",
    "secteur": "IT ICT vacatures",
    "skills": [],
    "techno_recherche": "react",
    "is_remote": false,
    "salaire_min": 71598,
    "salaire_max": 71598,
    "salaire_predicted": "0",
    "url": "https://www.adzuna.nl/details/5235191373?utm_medium=api&utm_source=03d8c83f",
    "date_collected": "20250704_1120"
  },
  {
    "pays": "Netherlands",
    "code_pays": "nl",
    "titre": "SAP ABAP - Fiori/UI5 Developer | Midlance",
    "description": "ONS VERHAAL RedBlue IT Professionals detacheert senior IT Professionals op projecten bij vooraanstaande organisaties in Nederland, Duitsland en Belgi . \"Red\" staat voor onze Oracle expertise en \"Blue\" staat voor SAP expertise. Sinds de overname door Oracle hoort Java daar ook bij. In 2008 werd RedBlue door Ron du Fijn en Raoul Zeilstra opgericht met het idee dat de samenwerking en beloning in de detachering anders, beter en leuker kon. Er werd gestart met het bedrijfsmodel waar geen uitgaven wo…",
    "secteur": "IT ICT vacatures",
    "skills": [
      "java"
    ],
    "techno_recherche": "react",
    "is_remote": false,
    "salaire_min": 90000,
    "salaire_max": 150000,
    "salaire_predicted": "0",
    "url": "https://www.adzuna.nl/details/5234747315?utm_medium=api&utm_source=03d8c83f",
    "date_collected": "20250704_1120"
  },
  {
    "pays": "Netherlands",
    "code_pays": "nl",
    "titre": "Java Full Stack Developer | Midlance",
    "description": "ONS VERHAAL RedBlue IT Professionals detacheert senior IT Professionals op projecten bij vooraanstaande organisaties in Nederland, Duitsland en Belgi . \"Red\" staat voor onze Oracle expertise en \"Blue\" staat voor SAP expertise. Sinds de overname door Oracle hoort Java daar ook bij. In 2008 werd RedBlue door Ron du Fijn en Raoul Zeilstra opgericht met het idee dat de samenwerking en beloning in de detachering anders, beter en leuker kon. Er werd gestart met het bedrijfsmodel waar geen uitgaven wo…",
    "secteur": "IT ICT vacatures",
    "skills": [
      "java"
    ],
    "techno_recherche": "react",
    "is_remote": false,
    "salaire_min": 90000,
    "salaire_max": 150000,
    "salaire_predicted": "0",
    "url": "https://www.adzuna.nl/details/5234747318?utm_medium=api&utm_source=03d8c83f",
    "date_collected": "20250704_1120"
  },
  {
    "pays": "Netherlands",
    "code_pays": "nl",
    "titre": "Senior Full-Stack Product Engineer (Startup, SaaS, Amsterdam)",
    "description": "Over 2 million food & beverage (F&B) businesses operate in the EU. 60% face failure within their first year 80% in five years. SOUS is here to change that. We’re building a platform that empowers independent F&B creators to thrive—unlocking new revenue streams, cutting costs, and scaling online growth with ease. From e-commerce to delivery management to building loyal communities, we’re reimagining how independent F&B brands grow in a digital-first world. In just two years, we’ve scaled rapidly…",
    "secteur": "Bouwkunde vacatures",
    "skills": [],
    "techno_recherche": "react",
    "is_remote": false,
    "salaire_min": 80000,
    "salaire_max": 90000,
    "salaire_predicted": "0",
    "url": "https://www.adzuna.nl/details/5234481131?utm_medium=api&utm_source=03d8c83f",
    "date_collected": "20250704_1120"
  },
  {
    "pays": "Netherlands",
    "code_pays": "nl",
    "titre": "WordPress ontwikkelaar",
    "description": "WordPress ontwikkelaar | 32-40 uur | Per direct | Nederlandstalig Wanneer mensen jouw websites zien: \"Is dit WordPress?! \" Wij zijn een bewust klein team van strategen, designers en developers. Met onze passie en gedrevenheid werken we aan grote projecten om zoveel mogelijk positieve impact op mensen te hebben, door hen te helpen zich persoonlijk te ontwikkelen. Denk aan onderwijs, sport en (mentale) gezondheid, waarin we inmiddels dagelijks duizenden mensen helpen via klant-projecten én onze e…",
    "secteur": "Unknown",
    "skills": [],
    "techno_recherche": "react",
    "is_remote": false,
    "salaire_min": 36000,
    "salaire_max": 48000,
    "salaire_predicted": "0",
    "url": "https://www.adzuna.nl/land/ad/5230923635?se=bhPPjbhY8BGaTNore66Vcg&utm_medium=api&utm_source=03d8c83f&v=8742579A33ABAB6EFDC47E6573FCE9FB6729776F",
    "date_collected": "20250704_1120"
  },
  {
    "pays": "Netherlands",
    "code_pays": "nl",
    "titre": "Commercial Vehicle Technician",
    "description": "Bedrijfsomschrijving At TB (Truck & Trailer Group), you’ll be part of a welcoming, family-run company where we support not only our customers, but each other as well. You make sure our customers get back on the road safely and quickly – and we make sure you're well taken care of. Aanbod What do we offer you? At TB you get a job where you can develop yourself, be yourself and be proud of your work. Salary between €2,830 and €4,055 (based on 38 hours) based on your knowledge and experience. ADV a…",
    "secteur": "Unknown",
    "skills": [],
    "techno_recherche": "react",
    "is_remote": false,
    "salaire_min": 33960,
    "salaire_max": 48660,
    "salaire_predicted": "0",
    "url": "https://www.adzuna.nl/land/ad/5223610625?se=bhPPjbhY8BGaTNore66Vcg&utm_medium=api&utm_source=03d8c83f&v=8C8D8E3A6845D8C67760FFEADD8D78E244E50DEB",
    "date_collected": "20250704_1120"
  },
  {
    "pays": "Netherlands",
    "code_pays": "nl",
    "titre": "Frontend Developer - Interim",
    "description": "Are you an experienced Frontend Developer passionate about user-centered design, experimentation, and making a real impact in the D2C e-commerce space? Are you available from 23 june, 12 hours a week for the period of 11 months? Are you a ZZP-er or Contractor? We can offer you both! Let's get in touch! We're looking for a developer who thrives in fast-paced, collaborative environments and is eager to play a key role in optimizing user experience and performance across a growing digital platform…",
    "secteur": "Unknown",
    "skills": [],
    "techno_recherche": "react",
    "is_remote": false,
    "salaire_min": 96000,
    "salaire_max": 109440,
    "salaire_predicted": "0",
    "url": "https://www.adzuna.nl/land/ad/5221887012?se=bhPPjbhY8BGaTNore66Vcg&utm_medium=api&utm_source=03d8c83f&v=38CC3EBE924CB2D4C71BC5E337BB33CBF3D7ED3C",
    "date_collected": "20250704_1120"
  },
  {
    "pays": "Netherlands",
    "code_pays": "nl",
    "titre": "Fullstack Developer - Startup",
    "description": "Are you ready to take on an exciting new challenge? For our client, a small startup in Amsterdam, we're searching for a passionate Full Stack Developer with experience in PHP, Python, and React to join a small but mighty team dedicated to revolutionizing how companies hire remote talent! In-source, maintain and improve the existing PHP Symfony and React-based platform. Develop new features and functionalities for the platform. Ensure the platform is scalable, reliable, and secure. Write and mai…",
    "secteur": "Unknown",
    "skills": [
      "python",
      "react"
    ],
    "techno_recherche": "react",
    "is_remote": true,
    "salaire_min": 60000,
    "salaire_max": 72000,
    "salaire_predicted": "0",
    "url": "https://www.adzuna.nl/land/ad/5220196727?se=bhPPjbhY8BGaTNore66Vcg&utm_medium=api&utm_source=03d8c83f&v=7F2735750AE02CCB0C3EA8CDBF757376723F6E97",
    "date_collected": "20250704_1120"
  },
  {
    "pays": "Netherlands",
    "code_pays": "nl",
    "titre": "Lead Front-End Developer React",
    "description": "Onze opdrachtgever Als Lead Front-end Developer kom je te werken bij een snelgroeiend Amsterdams softwarebedrijf. Onze opdrachtgever biedt de beste en gemakkelijkste manier om non-desk teamleden aan te sturen. Roosters, communicatie en het trainen van teamleden, onze opdrachtgever biedt alles in één oplossing. Hun doel is dat een bedrijf nog maar één tool nodig heeft om haar team aan te sturen. Als organisatie zijn ze vijf jaar geleden gestart met een focus op de horeca, maar tegenwoordig richt…",
    "secteur": "Unknown",
    "skills": [
      "react"
    ],
    "techno_recherche": "react",
    "is_remote": false,
    "salaire_min": 108000,
    "salaire_max": 132000,
    "salaire_predicted": "0",
    "url": "https://www.adzuna.nl/land/ad/5220185428?se=bhPPjbhY8BGaTNore66Vcg&utm_medium=api&utm_source=03d8c83f&v=6E6B473A624BD1D6AEAD3384EA9BF97FB8A9B61F",
    "date_collected": "20250704_1120"
  },
  {
    "pays": "Netherlands",
    "code_pays": "nl",
    "titre": "Software ontwikkelaar",
    "description": "Werk jij graag aan verschillende projecten om de beleving van klanten én medewerkers te verbeteren? Dat is mooi, want wij zijn vanwege de doorontwikkeling van ons applicatielandschap op zoek naar een fulltime senior Software Ontwikkelaar. Omschrijving Als Software Ontwikkelaar bij onze klant ben je - samen met jouw collega’s - verantwoordelijk voor de waarborging en continuïteit van het applicatielandschap binnen het bedrijf. Om onze businessprocessen vloeiend te laten verlopen is software ontw…",
    "secteur": "Unknown",
    "skills": [],
    "techno_recherche": "react",
    "is_remote": false,
    "salaire_min": 36876,
    "salaire_max": 60984,
    "salaire_predicted": "0",
    "url": "https://www.adzuna.nl/details/5219983810?utm_medium=api&utm_source=03d8c83f",
    "date_collected": "20250704_1120"
  },
  {
    "pays": "Netherlands",
    "code_pays": "nl",
    "titre": "ION Ops Engineer",
    "description": "This is what we offer you Gross monthly salary between EUR 5,381 and EUR 7,687 (scale 10) for a 36 hour week Thirteenth month's salary and 8% holiday allowance 10% Employee Benefit Budget EUR 1,400 development budget per year Hybrid working: balance between home and office work (possible for most roles) A pension, for which you can set the maximum amount of your personal contribution This is an Operations Engineer role in the Bonds squad within the FX Bonds and Rates Area of the Markets and Tre…",
    "secteur": "Unknown",
    "skills": [],
    "techno_recherche": "react",
    "is_remote": false,
    "salaire_min": 64572,
    "salaire_max": 92244,
    "salaire_predicted": "0",
    "url": "https://www.adzuna.nl/details/5216929261?utm_medium=api&utm_source=03d8c83f",
    "date_collected": "20250704_1120"
  },
  {
    "pays": "Netherlands",
    "code_pays": "nl",
    "titre": "Front-end Developer",
    "description": "Als Front-end Developer speel je een essentiële rol in het digitaliseren van diensten door het ontwikkelen van toegankelijke, performante en schaalbare front-end applicaties. Je werkt binnen een multidisciplinair Scrumteam en draagt bij aan de versterking van de frontend-architectuur, coaching van collega's en optimalisatie van de developer experience. Je ontwikkelt en onderhoudt React-applicaties met TypeScript, vertaalt functionele eisen naar schaalbare UI-componenten en integreert met .NET-b…",
    "secteur": "Bouwkunde vacatures",
    "skills": [
      "react",
      "typescript"
    ],
    "techno_recherche": "react",
    "is_remote": false,
    "salaire_min": 42000,
    "salaire_max": 60000,
    "salaire_predicted": "0",
    "url": "https://www.adzuna.nl/details/5215789825?utm_medium=api&utm_source=03d8c83f",
    "date_collected": "20250704_1120"
  },
  {
    "pays": "Netherlands",
    "code_pays": "nl",
    "titre": "Senior Full-Stack Developer (MERN Stack)",
    "description": "At Learned, we help organizations truly support the growth of their people. With our modern HR platform, we transform traditional HR processes into a future-proof approach where performance, development, and feedback take center stage. Today, hundreds of companies from fast-growing scale-ups to established corporates rely on our software. And we re growing fast. That s why we re looking to strengthen our development team are you our new Senior Full-Stack Developer? Together, we make the differe…",
    "secteur": "IT ICT vacatures",
    "skills": [],
    "techno_recherche": "react",
    "is_remote": false,
    "salaire_min": 43200,
    "salaire_max": 64800,
    "salaire_predicted": "0",
    "url": "https://www.adzuna.nl/details/5210975467?utm_medium=api&utm_source=03d8c83f",
    "date_collected": "20250704_1120"
  },
  {
    "pays": "Netherlands",
    "code_pays": "nl",
    "titre": "App Developer",
    "description": "Ben jij de App Developer die onze digitale dromen werkelijkheid kan maken? En kun je niet wachten om mee te werken aan de beste zorgverzekeringsapp van Nederland? Lees dan snel verder! Hoe jij het verschil maakt De VGZ app Als App Developer werk jij aan het belangrijkste communicatiekanaal van VGZ, namelijk de VGZ app! Met de app zorgen we ervoor dat onze leden zelf regie hebben op hun zorgverzekering, zorg en gezondheid. De VGZ app is dé digitale assistent van onze leden en kent jaarlijks meer…",
    "secteur": "Unknown",
    "skills": [],
    "techno_recherche": "react",
    "is_remote": false,
    "salaire_min": 43404,
    "salaire_max": 72540,
    "salaire_predicted": "0",
    "url": "https://www.adzuna.nl/details/5209227046?utm_medium=api&utm_source=03d8c83f",
    "date_collected": "20250704_1120"
  },
  {
    "pays": "Netherlands",
    "code_pays": "nl",
    "titre": "Full-stack developer",
    "description": "To support BroadForward’s growing international business, we are looking for an experienced full stack developer to join our team in the Netherlands. In this role, you will be responsible for both developing a new graphical user interface (GUI) and maintaining our existing one, catering to our B2B customers (communication service providers worldwide). About BroadForward GSMA Best Mobile Technology award winner BroadForward is a young, fast-growing and internationally recognized provider of glob…",
    "secteur": "Vacatures Ander of Algemeen",
    "skills": [],
    "techno_recherche": "react",
    "is_remote": false,
    "salaire_min": 66000,
    "salaire_max": 69600,
    "salaire_predicted": "0",
    "url": "https://www.adzuna.nl/details/5186510830?utm_medium=api&utm_source=03d8c83f",
    "date_collected": "20250704_1120"
  },
  {
    "pays": "Netherlands",
    "code_pays": "nl",
    "titre": "Java Developer",
    "description": "Functieomschrijving: Wat ga je doen? Ontwikkel innovatieve maatwerk applicaties en systemen voor onze klanten in jouw regio. Werk in DevOps scrum teams volgens de Agile methode. Continuous Delivery, Continuous Integration en geautomatiseerd testen, on premise met Docker en Kubernetes of in een public cloud zoals AWS en Azure. Blijf vooroplopen in professioneel software development door het volgen van workshops en trainingen. Ontwikkelen van innovatieve maatwerk applicaties en systemen. Werken i…",
    "secteur": "IT ICT vacatures",
    "skills": [
      "java",
      "aws",
      "docker",
      "azure",
      "kubernetes"
    ],
    "techno_recherche": "react",
    "is_remote": false,
    "salaire_min": 36000,
    "salaire_max": 60000,
    "salaire_predicted": "0",
    "url": "https://www.adzuna.nl/details/5186482749?utm_medium=api&utm_source=03d8c83f",
    "date_collected": "20250704_1120"
  },
  {
    "pays": "Netherlands",
    "code_pays": "nl",
    "titre": "Back-end Developer",
    "description": "In het kort Ben jij een Back-end Developer met passie voor .NET en SQL? Werk je graag aan uitdagende (semi-)overheidsprojecten en wil je bijdragen aan de backbone van honderden websites? Dan hebben wij dé rol voor jou! Dit ga jij doen Als Back-end Developer bij iprox werk je aan de implementatie van ons iprox.cms, een krachtig contentmanagementsysteem dat door talloze overheidsinstanties wordt gebruikt. Je speelt een sleutelrol in het ontsluiten van data en het ontwikkelen van koppelvlakken met…",
    "secteur": "Unknown",
    "skills": [
      "sql"
    ],
    "techno_recherche": "react",
    "is_remote": false,
    "salaire_min": 45600,
    "salaire_max": 66000,
    "salaire_predicted": "0",
    "url": "https://www.adzuna.nl/details/5178322059?utm_medium=api&utm_source=03d8c83f",
    "date_collected": "20250704_1120"
  },
  {
    "pays": "Netherlands",
    "code_pays": "nl",
    "titre": "Medior Java Developer Amsterdam",
    "description": "Jouw baan: Medior Java Developer Amsterdam Werk jij graag aan kwalitatieve nieuwbouwprojecten met een lange doorlooptijd ? Bouw jij graag slimme data intensieve systemen die het leven gemakkelijker maken van duizenden Nederlanders ? Zet jij graag moderne technologie in om vraagstukken rondom duurzaamheid om te lossen? Werk je graag met hoogopgeleide en energieke collega’s die houden van zelfontwikkeling? Dan is dit de baan voor jou Jouw werkgever: Innovatie nieuwbouw projecten voor een duurzame…",
    "secteur": "Unknown",
    "skills": [
      "java"
    ],
    "techno_recherche": "react",
    "is_remote": false,
    "salaire_min": 51840,
    "salaire_max": 64800,
    "salaire_predicted": "0",
    "url": "https://www.adzuna.nl/details/5140261844?utm_medium=api&utm_source=03d8c83f",
    "date_collected": "20250704_1120"
  },
  {
    "pays": "Netherlands",
    "code_pays": "nl",
    "titre": "Senior Kotlin Developer Utrecht",
    "description": "Vacature: Senior Kotlin Developer Utrecht Wil jij werken aan een toonaangevend SaaS-platform met enorme impact binnen Nederland en veel vrijheid in tech en architectuur? Lijkt het je gaaf om in een hecht team van engineers te werken van slimme koppen? Ben jij op zoek naar een rol waarin je 20% van je werktijd kunt besteden aan persoonlijke ontwikkeling en leertijd? En zeg jij ook ja, tegen riante voorwaarden zoals een salaris oplopend tot €103.000, 20% leertijd, pensioen, flexibele werktijden e…",
    "secteur": "Unknown",
    "skills": [],
    "techno_recherche": "react",
    "is_remote": false,
    "salaire_min": 103000,
    "salaire_max": 103000,
    "salaire_predicted": "0",
    "url": "https://www.adzuna.nl/details/5140261842?utm_medium=api&utm_source=03d8c83f",
    "date_collected": "20250704_1120"
  },
  {
    "pays": "Netherlands",
    "code_pays": "nl",
    "titre": "Senior Java Developer Amsterdam",
    "description": "Jouw baan: Senior Java Developer Amsterdam Werk jij graag aan kwalitatieve nieuwbouwprojecten met een lange doorlooptijd ? Bouw jij graag slimme data intensieve systemen die het leven gemakkelijker maken van duizenden Nederlanders ? Zet jij graag moderne technologie in om vraagstukken rondom duurzaamheid om te lossen? Werk je graag met hoogopgeleide en energieke collega’s die houden van zelfontwikkeling? Dan is dit de baan voor jou Jouw werkgever: Innovatie nieuwbouw projecten voor een duurzame…",
    "secteur": "Unknown",
    "skills": [
      "java"
    ],
    "techno_recherche": "react",
    "is_remote": false,
    "salaire_min": 59616,
    "salaire_max": 77760,
    "salaire_predicted": "0",
    "url": "https://www.adzuna.nl/details/5140261846?utm_medium=api&utm_source=03d8c83f",
    "date_collected": "20250704_1120"
  },
  {
    "pays": "Netherlands",
    "code_pays": "nl",
    "titre": "Senior Node Engineer Utrecht",
    "description": "Jouw baan: Senior Node Engineer Utrecht Wil jij bouwen aan een nieuwe standaard in embedded finance , waarbij je met een kleine club van de beste software engineers een white-label SDK ontwikkelt wat direct integreerbaart is bij de meest vooraanstaande bedrijven, en zo de bankwereld zal disrupten ? Krijg jij energie van bouwen aan schaalbare backend-architectuur met directe impact, waar je direct samenwerkt met de founders , en zie je binnen minuten hoe jouw code waarde oplevert voor zowel deve…",
    "secteur": "Unknown",
    "skills": [
      "node"
    ],
    "techno_recherche": "react",
    "is_remote": false,
    "salaire_min": 75000,
    "salaire_max": 90000,
    "salaire_predicted": "0",
    "url": "https://www.adzuna.nl/details/5140261838?utm_medium=api&utm_source=03d8c83f",
    "date_collected": "20250704_1120"
  },
  {
    "pays": "Netherlands",
    "code_pays": "nl",
    "titre": "Senior Frontend Developer Amsterdam",
    "description": "Jouw baan: Senior Frontend Developer Amsterdam Werk jij graag bij een recessiebestendig & stabiel productbedrijf met maatschappelijk belang? Lijkt het jou wat om in een succesvol opererend multidisciplinair team een marktleindend softwareproduct te moderniseren en migreren naar de nieuwste versie van React? Hecht jij waarde aan het maken van een tastbare impact op mensenlevens, in een organisatie waar de founders nog steeds betreokken zijn en hun long-term visie realiseren ? Vind jij daarnaast …",
    "secteur": "Unknown",
    "skills": [
      "react"
    ],
    "techno_recherche": "react",
    "is_remote": false,
    "salaire_min": 65000,
    "salaire_max": 80000,
    "salaire_predicted": "0",
    "url": "https://www.adzuna.nl/details/5140261824?utm_medium=api&utm_source=03d8c83f",
    "date_collected": "20250704_1120"
  },
  {
    "pays": "Netherlands",
    "code_pays": "nl",
    "titre": "Senior Frontend Developer Amsterdam",
    "description": "Jouw baan: Senior Frontend Developer Amsterdam Werk jij graag aan innovatieve digitale transformatieprojecten voor wereldwijd opererende online organisaties met miljoenen klanten , waarbij je 50% vanuit huis werkt binnen multidisciplinaire squads , van UX/design tot de oplevering van maatwerkprojecten ? Hou jij van innovatie, zelfontwikkeling, kennisdeling en de afwisseling van hoogkwalitatieve, impactvolle projecten binnen een 100% tech-organisatie die jaar na jaar prijzen wint voor ‘best plac…",
    "secteur": "Unknown",
    "skills": [],
    "techno_recherche": "react",
    "is_remote": false,
    "salaire_min": 65000,
    "salaire_max": 80000,
    "salaire_predicted": "0",
    "url": "https://www.adzuna.nl/details/5140261827?utm_medium=api&utm_source=03d8c83f",
    "date_collected": "20250704_1120"
  },
  {
    "pays": "Netherlands",
    "code_pays": "nl",
    "titre": "Senior Java Kotlin Developer Utrecht",
    "description": "Vacature: Senior Java Kotlin Developer Utrecht Wil jij werken aan een toonaangevend SaaS-platform met enorme impact binnen Nederland en veel vrijheid in tech en architectuur? Lijkt het je gaaf om in een hecht team van engineers te werken van slimme koppen? Ben jij op zoek naar een rol waarin je 20% van je werktijd kunt besteden aan persoonlijke ontwikkeling en leertijd? En zeg jij ook ja, tegen riante voorwaarden zoals een salaris oplopend tot €103.000, 20% leertijd, pensioen, flexibele werktij…",
    "secteur": "Unknown",
    "skills": [
      "java"
    ],
    "techno_recherche": "react",
    "is_remote": false,
    "salaire_min": 103000,
    "salaire_max": 103000,
    "salaire_predicted": "0",
    "url": "https://www.adzuna.nl/details/5140261843?utm_medium=api&utm_source=03d8c83f",
    "date_collected": "20250704_1120"
  },
  {
    "pays": "Netherlands",
    "code_pays": "nl",
    "titre": "Senior Fullstack Engineer / C#/React-AWS",
    "description": "Klaar om stedelijke mobiliteitsproblemen op te lossen? Wij vernieuwen parkeren in steden door ongebruikte privéplekken te benutten. We zoeken een ervaren Senior Fullstack Engineer om ons team in Amsterdam te versterken. Wat ga je doen? Meewerken aan ons SaaS-platform dat vastgoedbeheer integreert en parkeren automatiseert. Je kennis van .NET (8)/Core/C#, JavaScript, React.js en React Native inzetten om onze diensten te verbeteren. Werken in kleine teams aan het optimaliseren van ons platform me…",
    "secteur": "Unknown",
    "skills": [
      "react",
      "aws"
    ],
    "techno_recherche": "react",
    "is_remote": false,
    "salaire_min": 70000,
    "salaire_max": 80000,
    "salaire_predicted": "0",
    "url": "https://www.adzuna.nl/details/5119722796?utm_medium=api&utm_source=03d8c83f",
    "date_collected": "20250704_1120"
  },
  {
    "pays": "Netherlands",
    "code_pays": "nl",
    "titre": "Full-Stack Developer",
    "description": "Are you ready to dive into a world where technology meets creativity? We're on the hunt for a passionate Full-Stack Developer to join our vibrant team of 30 IT professionals. Picture yourself collaborating with a dynamic mix of Fullstackers, Project Managers, DevOps Engineers, UX/UI Designers, and Backend Developers. Together, we'll tackle exciting projects, pushing the boundaries of what's possible in web development. What you'll do: Collaborate on diverse customer and service projects, turnin…",
    "secteur": "IT ICT vacatures",
    "skills": [],
    "techno_recherche": "react",
    "is_remote": false,
    "salaire_min": 54000,
    "salaire_max": 64000,
    "salaire_predicted": "0",
    "url": "https://www.adzuna.nl/details/5119722530?utm_medium=api&utm_source=03d8c83f",
    "date_collected": "20250704_1120"
  },
  {
    "pays": "Netherlands",
    "code_pays": "nl",
    "titre": "Senior Fullstack Engineer",
    "description": "Hey there!  We are seeking a highly skilled Senior Fullstack Engineer like you! Are you proficient in Java and Spring for backend development and React/Angular for frontend development? Then we should talk! Tasks Design, develop, and maintain fullstack web applications using Java and Spring for backend development and React/Angular for frontend development. Build responsive, intuitive user interfaces, adhering to UI/UX design best practices and accessibility standards. Leverage cloud platforms …",
    "secteur": "Bouwkunde vacatures",
    "skills": [
      "java",
      "react",
      "angular"
    ],
    "techno_recherche": "react",
    "is_remote": false,
    "salaire_min": 75000,
    "salaire_max": 92000,
    "salaire_predicted": "0",
    "url": "https://www.adzuna.nl/details/5119426717?utm_medium=api&utm_source=03d8c83f",
    "date_collected": "20250704_1120"
  },
  {
    "pays": "Netherlands",
    "code_pays": "nl",
    "titre": "Fullstack developer",
    "description": "Medior developer Ben jij die gedreven developer die het leven van mensen graag een stuk makkelijker en vooral financieel inzichtelijker maakt? Dan is hier je kans om een team van gelijkgestemden te vinden. Onze organisatie richt zich op een aantal sociale aspecten binnen onze samenleving en het ondersteunen van mensen bij hun financiële situatie is er daar een van. Om dat alles te faciliteren bouwen en onderhouden we hier state of the art applicatie en wordt er gewerkt met de nieuwste .NET tech…",
    "secteur": "IT ICT vacatures",
    "skills": [],
    "techno_recherche": "react",
    "is_remote": false,
    "salaire_min": 36000,
    "salaire_max": 57600,
    "salaire_predicted": "0",
    "url": "https://www.adzuna.nl/details/5091053393?utm_medium=api&utm_source=03d8c83f",
    "date_collected": "20250704_1120"
  },
  {
    "pays": "Netherlands",
    "code_pays": "nl",
    "titre": "VP of Engineering",
    "description": "At TechBiz Global, we’re more than just a recruitment and software development company — we’re aGerman based global partner dedicated to your business success. With a diverse, distributed team, we specialize in IT recruitment, outstaffing, outsourcing, software development, and consulting services for more than 100 clients around over 20 countries. At TechBiz Global, we are providing recruitment service to our TOP clients from our portfolio. We are currently seeking a VP of Engineering to join …",
    "secteur": "Unknown",
    "skills": [],
    "techno_recherche": "react",
    "is_remote": false,
    "salaire_min": 150000,
    "salaire_max": 150000,
    "salaire_predicted": "0",
    "url": "https://www.adzuna.nl/details/5048284999?utm_medium=api&utm_source=03d8c83f",
    "date_collected": "20250704_1120"
  },
  {
    "pays": "Netherlands",
    "code_pays": "nl",
    "titre": "Software Ontwikkelaar",
    "description": "Werk jij graag aan verschillende projecten om de beleving van onze klanten én medewerkers te verbeteren? Dat is mooi, want wij zijn vanwege de doorontwikkeling van ons applicatielandschap op zoek naar een fulltime senior Software Ontwikkelaar. Over het bedrijf Wij zijn Solcon. Aangenaam! Wij zijn een internetprovider (ISP) die Internet, Televisie en Telefoniediensten via glasvezel levert aan consumenten en (klein-)zakelijke gebruikers. Wij zijn actief in heel Nederland en leveren internet over …",
    "secteur": "Unknown",
    "skills": [],
    "techno_recherche": "react",
    "is_remote": false,
    "salaire_min": 36876,
    "salaire_max": 60984,
    "salaire_predicted": "0",
    "url": "https://www.adzuna.nl/details/5025679638?utm_medium=api&utm_source=03d8c83f",
    "date_collected": "20250704_1120"
  },
  {
    "pays": "Netherlands",
    "code_pays": "nl",
    "titre": "Full Stack Developer",
    "description": "We nemen op dit moment geen sollicitaties aan. Wil je een notificatie ontvangen zodra je weer kunt solliciteren? Full Stack Developer Na meer dan 10 jaar ontwikkelen is de technologie achter Gynzy flink gegroeid en verbeterd. We zijn altijd op zoek naar slimme oplossingen voor de uitdagingen waar we voor staan. Kom ons development team versterken en werk mee aan geweldige software voor miljoenen leerkrachten en leerlingen. Full-time · 's-Hertogenbosch Technologie bij Gynzy Gynzy is een innovati…",
    "secteur": "IT ICT vacatures",
    "skills": [],
    "techno_recherche": "react",
    "is_remote": false,
    "salaire_min": 42000,
    "salaire_max": 69600,
    "salaire_predicted": "0",
    "url": "https://www.adzuna.nl/details/4995587488?utm_medium=api&utm_source=03d8c83f",
    "date_collected": "20250704_1120"
  },
  {
    "pays": "Netherlands",
    "code_pays": "nl",
    "titre": "Lead Developer",
    "description": "Reaktor's award-winning tech community is looking for Lead Developers to join us in Amsterdam. If you are in your element with a full software development cycle, have a passion for solving human problems with a holistic approach, and are curious to experience working in a low-hierarchy environment, you might just be what we're looking for. As a Lead Developer at Reaktor, your job is to work with the full software development lifecycle, help your team succeed, and deliver results. Your daily tas…",
    "secteur": "IT ICT vacatures",
    "skills": [],
    "techno_recherche": "react",
    "is_remote": false,
    "salaire_min": 0,
    "salaire_max": 174720,
    "salaire_predicted": "0",
    "url": "https://www.adzuna.nl/details/4926047419?utm_medium=api&utm_source=03d8c83f",
    "date_collected": "20250704_1120"
  },
  {
    "pays": "Netherlands",
    "code_pays": "nl",
    "titre": "Full Stack Developer",
    "description": "Reaktor's award-winning tech community is looking for full-stack developers to join us in Amsterdam. If you are in your element with a full software development cycle, have a passion for solving human problems with a holistic approach, and are curious to experience working in a low-hierarchy environment, you might just be what we're looking for. As a Full Stack Developer at Reaktor, your job is to be an expert in a range of software development responsibilities spanning the entire software deve…",
    "secteur": "IT ICT vacatures",
    "skills": [],
    "techno_recherche": "react",
    "is_remote": false,
    "salaire_min": 0,
    "salaire_max": 156000,
    "salaire_predicted": "0",
    "url": "https://www.adzuna.nl/details/4926046816?utm_medium=api&utm_source=03d8c83f",
    "date_collected": "20250704_1120"
  }
]