[
  {
    "pays": "Netherlands",
    "code_pays": "nl",
    "titre": "Senior QA Engineer",
    "description": "Sta SRQ176888. EDSN Organisatie Bij EDSN draag jij bij aan de verduurzaming van Nederland. Elke dag. Sámen met onze partners in de energiesector. De verduurzaming en de energietransitie die in volle gang is brengt een hoop uitdagingen met zich mee. Met jouw kennis van testen en testautomatisering zorg jij, samen met je team, voor goed werkende software en foutloze data. Zo speel jij een cruciale rol in de vooruitgang van onze organisatie en daarmee van de sector. En lever je een positieve bijdr…",
    "secteur": "IT ICT vacatures",
    "skills": [],
    "techno_recherche": "java",
    "is_remote": false,
    "salaire_min": 45972,
    "salaire_max": 45972,
    "salaire_predicted": "0",
    "url": "https://www.adzuna.nl/details/5282442951?utm_medium=api&utm_source=03d8c83f",
    "date_collected": "20250704_1120"
  },
  {
    "pays": "Netherlands",
    "code_pays": "nl",
    "titre": "Full-stack Developer",
    "description": "Ip 6165. Politie Opdracht omschrijving Eenheid Den Haag zoekt een doortastende fullstack developer voor het ontwikkelen van hoogwaardige applicaties voor het software development team TROI (Team Rendement Operationele Informatie). Dit team ondersteunt de operatie door het ontwikkelen van apps en tools. Het team gaat onder andere een grote rol spelen in het datagedreven werken van de toekomst. Ben jij die creatieve fullstack developer die een directe bijdrage wil leveren aan de handhaving van de…",
    "secteur": "IT ICT vacatures",
    "skills": [],
    "techno_recherche": "java",
    "is_remote": false,
    "salaire_min": 72864,
    "salaire_max": 72864,
    "salaire_predicted": "0",
    "url": "https://www.adzuna.nl/details/5282442870?utm_medium=api&utm_source=03d8c83f",
    "date_collected": "20250704_1120"
  },
  {
    "pays": "Netherlands",
    "code_pays": "nl",
    "titre": "Automation Engineer",
    "description": "Bedrijfsomschrijving: In dit toonaangevende productiebedrijf in Vlissingen, gespecialiseerd in hoogtechnologische apparatuur, speel je als Automation Engineer een sleutelrol. Het bedrijf ontwikkelt en produceert geavanceerde machines en systemen voor diverse industrieën, waaronder de automotive en semiconductor industrie. Je wordt onderdeel van een ervaren team dat zich richt op het automatiseren van productieprocessen door het ontwikkelen en implementeren van innovatieve automatiseringsoplossi…",
    "secteur": "IT ICT vacatures",
    "skills": [],
    "techno_recherche": "java",
    "is_remote": false,
    "salaire_min": 44760,
    "salaire_max": 59760,
    "salaire_predicted": "0",
    "url": "https://www.adzuna.nl/details/5282038922?utm_medium=api&utm_source=03d8c83f",
    "date_collected": "20250704_1120"
  },
  {
    "pays": "Netherlands",
    "code_pays": "nl",
    "titre": "Software engineer",
    "description": "Bedrijfsomschrijving: Location: regio Amersfoort. Met een sterke aanwezigheid in de regio is ons bedrijf een toonaangevende speler in de sector, gedreven door innovatie en kwaliteit. We zijn trots op onze unieke prestaties en innovatieve technieken die ons onderscheiden. Onze impact in de sector is merkbaar, en we streven naar uitmuntendheid in klanttevredenheid. We bevorderen persoonlijke groei en ontwikkeling binnen een betrokken en open cultuur. Salaris tot wel €5750, wat verdere motivatie b…",
    "secteur": "IT ICT vacatures",
    "skills": [],
    "techno_recherche": "java",
    "is_remote": false,
    "salaire_min": 69000,
    "salaire_max": 69000,
    "salaire_predicted": "0",
    "url": "https://www.adzuna.nl/details/5282038847?utm_medium=api&utm_source=03d8c83f",
    "date_collected": "20250704_1120"
  },
  {
    "pays": "Netherlands",
    "code_pays": "nl",
    "titre": "Linux Software Engineer",
    "description": "Bedrijfsomschrijving: Location: regio Amsterdam. Binnen onze organisatie, een toonaangevende speler in de technologiewereld, streven we naar het leveren van innovatieve en kwalitatieve oplossingen. Onze unieke prestaties omvatten geavanceerde technieken en een sterke aanwezigheid in de regio Amsterdam. We bevorderen persoonlijke groei in een betrokken en open cultuur. Salarissen kunnen oplopen tot wel €4.600 per maand, wat bijdraagt aan de motivatie van potentiële kandidaten. Functie-inhoud: On…",
    "secteur": "IT ICT vacatures",
    "skills": [],
    "techno_recherche": "java",
    "is_remote": false,
    "salaire_min": 48000,
    "salaire_max": 55200,
    "salaire_predicted": "0",
    "url": "https://www.adzuna.nl/details/5282038469?utm_medium=api&utm_source=03d8c83f",
    "date_collected": "20250704_1120"
  },
  {
    "pays": "Netherlands",
    "code_pays": "nl",
    "titre": "Automation Engineer",
    "description": "Bedrijfsomschrijving: In dit toonaangevende productiebedrijf in Nijkerk, gespecialiseerd in hoogtechnologische apparatuur, speel je als Automation Engineer een sleutelrol. Het bedrijf ontwikkelt en produceert geavanceerde machines en systemen voor diverse industrieën, waaronder de automotive en semiconductor industrie. Je wordt onderdeel van een ervaren team dat zich richt op het automatiseren van productieprocessen door het ontwikkelen en implementeren van innovatieve automatiseringsoplossinge…",
    "secteur": "IT ICT vacatures",
    "skills": [],
    "techno_recherche": "java",
    "is_remote": false,
    "salaire_min": 44760,
    "salaire_max": 59760,
    "salaire_predicted": "0",
    "url": "https://www.adzuna.nl/details/5282038529?utm_medium=api&utm_source=03d8c83f",
    "date_collected": "20250704_1120"
  },
  {
    "pays": "Netherlands",
    "code_pays": "nl",
    "titre": "Software engineer ICT",
    "description": "Bedrijfsomschrijving: Locatie: regio Amersfoort Als specialist op het gebied van besturingstechnieken en softwareontwikkeling, richt dit bedrijf zich op het ontwerpen, realiseren en beheren van innovatieve oplossingen. De maatwerksoftwareapplicaties en besturingstechnieken optimaliseren de productieprocessen en gebouwbeheersystemen van de industriële klanten. Ze bieden complete oplossingen, variërend van bekabeling en besturingskasten tot PLC-procesbesturing, SCADA-procesvisualisatie en MES-sof…",
    "secteur": "IT ICT vacatures",
    "skills": [],
    "techno_recherche": "java",
    "is_remote": false,
    "salaire_min": 37980,
    "salaire_max": 72144,
    "salaire_predicted": "0",
    "url": "https://www.adzuna.nl/details/5282038418?utm_medium=api&utm_source=03d8c83f",
    "date_collected": "20250704_1120"
  },
  {
    "pays": "Netherlands",
    "code_pays": "nl",
    "titre": "Senior Software Engineer",
    "description": "Bedrijfsomschrijving: Location: regio Amsterdam. Onze organisatie is een leider op het gebied van technologisch innovatie. Met een sterke aanwezigheid in de regio Amsterdam, leveren we hoogwaardige softwareoplossingen die de industrie vooruit helpen. We staan bekend om onze innovatieve aanpak en focus op klanttevredenheid. Door gebruik te maken van geavanceerde technieken en technologieën blijven we vooroplopen in onze sector. Onze cultuur van betrokkenheid en openheid biedt veel ruimte voor pe…",
    "secteur": "IT ICT vacatures",
    "skills": [],
    "techno_recherche": "java",
    "is_remote": false,
    "salaire_min": 74400,
    "salaire_max": 74400,
    "salaire_predicted": "0",
    "url": "https://www.adzuna.nl/details/5282038443?utm_medium=api&utm_source=03d8c83f",
    "date_collected": "20250704_1120"
  },
  {
    "pays": "Netherlands",
    "code_pays": "nl",
    "titre": "Automation Engineer",
    "description": "Bedrijfsomschrijving: In dit toonaangevende productiebedrijf in Arnhem, gespecialiseerd in hoogtechnologische apparatuur, speel je als Automation Engineer een sleutelrol. Het bedrijf ontwikkelt en produceert geavanceerde machines en systemen voor diverse industrieën, waaronder de automotive en semiconductor industrie. Je wordt onderdeel van een ervaren team dat zich richt op het automatiseren van productieprocessen door het ontwikkelen en implementeren van innovatieve automatiseringsoplossingen…",
    "secteur": "IT ICT vacatures",
    "skills": [],
    "techno_recherche": "java",
    "is_remote": false,
    "salaire_min": 44760,
    "salaire_max": 59760,
    "salaire_predicted": "0",
    "url": "https://www.adzuna.nl/details/5282038280?utm_medium=api&utm_source=03d8c83f",
    "date_collected": "20250704_1120"
  },
  {
    "pays": "Netherlands",
    "code_pays": "nl",
    "titre": "Automation Engineer",
    "description": "Bedrijfsomschrijving: In dit toonaangevende productiebedrijf in Workum, gespecialiseerd in hoogtechnologische apparatuur, speel je als Automation Engineer een sleutelrol. Het bedrijf ontwikkelt en produceert geavanceerde machines en systemen voor diverse industrieën, waaronder de automotive en semiconductor industrie. Je wordt onderdeel van een ervaren team dat zich richt op het automatiseren van productieprocessen door het ontwikkelen en implementeren van innovatieve automatiseringsoplossingen…",
    "secteur": "IT ICT vacatures",
    "skills": [],
    "techno_recherche": "java",
    "is_remote": false,
    "salaire_min": 44400,
    "salaire_max": 60000,
    "salaire_predicted": "0",
    "url": "https://www.adzuna.nl/details/5282038115?utm_medium=api&utm_source=03d8c83f",
    "date_collected": "20250704_1120"
  },
  {
    "pays": "Netherlands",
    "code_pays": "nl",
    "titre": "Automation Engineer",
    "description": "Bedrijfsomschrijving: In dit vooraanstaande farmaceutische productiebedrijf gevestigd in Almere waar je als Automation Engineer aan de slag gaat, speel je een essentiële rol in het automatiseren van de productieprocessen. Het bedrijf is gespecialiseerd in de ontwikkeling en productie van hoogwaardige geneesmiddelen en medische apparatuur. Je focus ligt op het implementeren en onderhouden van automatiseringssystemen die voldoen aan strikte kwaliteits- en veiligheidsnormen. In deze rol werk je na…",
    "secteur": "IT ICT vacatures",
    "skills": [],
    "techno_recherche": "java",
    "is_remote": false,
    "salaire_min": 44760,
    "salaire_max": 59760,
    "salaire_predicted": "0",
    "url": "https://www.adzuna.nl/details/5282038001?utm_medium=api&utm_source=03d8c83f",
    "date_collected": "20250704_1120"
  },
  {
    "pays": "Netherlands",
    "code_pays": "nl",
    "titre": "Automation Engineer",
    "description": "Bedrijfsomschrijving: In dit vooraanstaande farmaceutische productiebedrijf gevestigd in Helmond waar je als Automation Engineer aan de slag gaat, speel je een essentiële rol in het automatiseren van de productieprocessen. Het bedrijf is gespecialiseerd in de ontwikkeling en productie van hoogwaardige geneesmiddelen en medische apparatuur. Je focus ligt op het implementeren en onderhouden van automatiseringssystemen die voldoen aan strikte kwaliteits- en veiligheidsnormen. In deze rol werk je n…",
    "secteur": "IT ICT vacatures",
    "skills": [],
    "techno_recherche": "java",
    "is_remote": false,
    "salaire_min": 44760,
    "salaire_max": 59760,
    "salaire_predicted": "0",
    "url": "https://www.adzuna.nl/details/5282037843?utm_medium=api&utm_source=03d8c83f",
    "date_collected": "20250704_1120"
  },
  {
    "pays": "Netherlands",
    "code_pays": "nl",
    "titre": "Java Ontwikkelaar",
    "description": "Bedrijfsomschrijving: Locatie: regio Harderwijk Dit bedrijf is op zoek naar een getalenteerde Java Ontwikkelaar om ons dynamische en innovatieve ontwikkelingsteam te versterken. Als Java Ontwikkelaar zul je een cruciale rol spelen bij het ontwerpen, ontwikkelen en implementeren van hoogwaardige Java-toepassingen. Je werkt samen met een team van ervaren ontwikkelaars en hebt de mogelijkheid om betrokken te zijn bij alle fasen van het ontwikkelingsproces, van concept tot implementatie. Klinkt dit…",
    "secteur": "IT ICT vacatures",
    "skills": [
      "java"
    ],
    "techno_recherche": "java",
    "is_remote": false,
    "salaire_min": 40656,
    "salaire_max": 65856,
    "salaire_predicted": "0",
    "url": "https://www.adzuna.nl/details/5282037880?utm_medium=api&utm_source=03d8c83f",
    "date_collected": "20250704_1120"
  },
  {
    "pays": "Netherlands",
    "code_pays": "nl",
    "titre": "Software engineer C++, C#, Java",
    "description": "Bedrijfsomschrijving: Locatie: regio Nijkerk. Deze organisatie is een toonaangevende speler in de technologische sector, bekend om zijn innovatieve oplossingen en kwaliteit. Met een sterke aanwezigheid in de regio Gelderland werkt het bedrijf nauw samen met universiteiten en partners aan de ontwikkeling van geavanceerde producten. Het bedrijf stimuleert persoonlijke groei en ontwikkeling binnen een betrokken en open cultuur. Salaris kan oplopen tot €2600 - €3400 per maand. Functie-inhoud: Ontwe…",
    "secteur": "IT ICT vacatures",
    "skills": [
      "java"
    ],
    "techno_recherche": "java",
    "is_remote": false,
    "salaire_min": 40800,
    "salaire_max": 40800,
    "salaire_predicted": "0",
    "url": "https://www.adzuna.nl/details/5282037839?utm_medium=api&utm_source=03d8c83f",
    "date_collected": "20250704_1120"
  },
  {
    "pays": "Netherlands",
    "code_pays": "nl",
    "titre": "Software Engineer",
    "description": "Bedrijfsomschrijving: Locatie: regio Nieuwegein. Onze organisatie is een toonaangevende speler in de technologie-industrie, bekend om haar innovatieve technieken en sterke aanwezigheid in de regio. We streven naar de hoogste kwaliteit en samenwerking binnen een dynamische markt. Onze activiteiten hebben aanzienlijke impact in zowel de sector als de regio. We bevorderen persoonlijke groei en ontwikkeling binnen een betrokken en open cultuur. De salarissen kunnen oplopen tot wel €5.800,-, wat een…",
    "secteur": "IT ICT vacatures",
    "skills": [],
    "techno_recherche": "java",
    "is_remote": false,
    "salaire_min": 69600,
    "salaire_max": 69600,
    "salaire_predicted": "0",
    "url": "https://www.adzuna.nl/details/5282037798?utm_medium=api&utm_source=03d8c83f",
    "date_collected": "20250704_1120"
  },
  {
    "pays": "Netherlands",
    "code_pays": "nl",
    "titre": "PLC Programmeur",
    "description": "Bedrijfsomschrijving: Locatie: regio Oud-Beijerland. Dit bedrijf is een toonaangevende speler in de wereld van automatiseringsoplossingen voor de maritieme en industriële sectoren. Hun expertise in laagspanningssystemen maakt hen een ideale partner voor klanten wereldwijd. Ze staan bekend om hun innovatieve aanpak en hoge kwaliteitsnormen, met een sterke focus op duurzaamheid. Binnen de organisatie wordt innovatie gecombineerd met uitstekende klanttevredenheid. Het bedrijf stimuleert persoonlij…",
    "secteur": "IT ICT vacatures",
    "skills": [],
    "techno_recherche": "java",
    "is_remote": false,
    "salaire_min": 49200,
    "salaire_max": 62400,
    "salaire_predicted": "0",
    "url": "https://www.adzuna.nl/details/5282037462?utm_medium=api&utm_source=03d8c83f",
    "date_collected": "20250704_1120"
  },
  {
    "pays": "Netherlands",
    "code_pays": "nl",
    "titre": "Software Engineer",
    "description": "Bedrijfsomschrijving: Locatie: regio Delft. Binnen ons bedrijf streven we naar uitmuntendheid in IT-oplossingen, waarbij innovatie en klanttevredenheid centraal staan. We maken gebruik van de nieuwste technologie��n om onze klanten te dienen en hebben een sterke aanwezigheid in de regio Delft. Ons bedrijf stimuleert persoonlijke groei en ontwikkeling met een betrokken en open cultuur. Salaris kan oplopen tot wel €5200,- per maand, aantrekkelijk voor talentvolle kandidaten. Functie-inhoud: Ontwi…",
    "secteur": "IT ICT vacatures",
    "skills": [],
    "techno_recherche": "java",
    "is_remote": false,
    "salaire_min": 62400,
    "salaire_max": 62400,
    "salaire_predicted": "0",
    "url": "https://www.adzuna.nl/details/5282037187?utm_medium=api&utm_source=03d8c83f",
    "date_collected": "20250704_1120"
  },
  {
    "pays": "Netherlands",
    "code_pays": "nl",
    "titre": "Automation Engineer",
    "description": "Bedrijfsomschrijving: In dit toonaangevende productiebedrijf in Zaandam, gespecialiseerd in hoogtechnologische apparatuur, speel je als Automation Engineer een sleutelrol. Het bedrijf ontwikkelt en produceert geavanceerde machines en systemen voor diverse industrieën, waaronder de automotive en semiconductor industrie. Je wordt onderdeel van een ervaren team dat zich richt op het automatiseren van productieprocessen door het ontwikkelen en implementeren van innovatieve automatiseringsoplossinge…",
    "secteur": "IT ICT vacatures",
    "skills": [],
    "techno_recherche": "java",
    "is_remote": false,
    "salaire_min": 44760,
    "salaire_max": 59760,
    "salaire_predicted": "0",
    "url": "https://www.adzuna.nl/details/5282037100?utm_medium=api&utm_source=03d8c83f",
    "date_collected": "20250704_1120"
  },
  {
    "pays": "Netherlands",
    "code_pays": "nl",
    "titre": "Automation Engineer",
    "description": "Bedrijfsomschrijving: In dit vooraanstaande farmaceutische productiebedrijf gevestigd in Veendam waar je als Automation Engineer aan de slag gaat, speel je een essentiële rol in het automatiseren van de productieprocessen. Het bedrijf is gespecialiseerd in de ontwikkeling en productie van hoogwaardige geneesmiddelen en medische apparatuur. Je focus ligt op het implementeren en onderhouden van automatiseringssystemen die voldoen aan strikte kwaliteits- en veiligheidsnormen. In deze rol werk je n…",
    "secteur": "IT ICT vacatures",
    "skills": [],
    "techno_recherche": "java",
    "is_remote": false,
    "salaire_min": 44760,
    "salaire_max": 59760,
    "salaire_predicted": "0",
    "url": "https://www.adzuna.nl/details/5282036937?utm_medium=api&utm_source=03d8c83f",
    "date_collected": "20250704_1120"
  },
  {
    "pays": "Netherlands",
    "code_pays": "nl",
    "titre": "Automation Engineer",
    "description": "Bedrijfsomschrijving: In dit vooraanstaande farmaceutische productiebedrijf gevestigd in Enkhuizen waar je als Automation Engineer aan de slag gaat, speel je een essentiële rol in het automatiseren van de productieprocessen. Het bedrijf is gespecialiseerd in de ontwikkeling en productie van hoogwaardige geneesmiddelen en medische apparatuur. Je focus ligt op het implementeren en onderhouden van automatiseringssystemen die voldoen aan strikte kwaliteits- en veiligheidsnormen. In deze rol werk je…",
    "secteur": "IT ICT vacatures",
    "skills": [],
    "techno_recherche": "java",
    "is_remote": false,
    "salaire_min": 44760,
    "salaire_max": 59760,
    "salaire_predicted": "0",
    "url": "https://www.adzuna.nl/details/5282036644?utm_medium=api&utm_source=03d8c83f",
    "date_collected": "20250704_1120"
  },
  {
    "pays": "Netherlands",
    "code_pays": "nl",
    "titre": "Automation Engineer",
    "description": "Bedrijfsomschrijving: In dit vooraanstaande farmaceutische productiebedrijf gevestigd in Oldenzaal waar je als Automation Engineer aan de slag gaat, speel je een essentiële rol in het automatiseren van de productieprocessen. Het bedrijf is gespecialiseerd in de ontwikkeling en productie van hoogwaardige geneesmiddelen en medische apparatuur. Je focus ligt op het implementeren en onderhouden van automatiseringssystemen die voldoen aan strikte kwaliteits- en veiligheidsnormen. In deze rol werk je…",
    "secteur": "IT ICT vacatures",
    "skills": [],
    "techno_recherche": "java",
    "is_remote": false,
    "salaire_min": 44760,
    "salaire_max": 59760,
    "salaire_predicted": "0",
    "url": "https://www.adzuna.nl/details/5282036600?utm_medium=api&utm_source=03d8c83f",
    "date_collected": "20250704_1120"
  },
  {
    "pays": "Netherlands",
    "code_pays": "nl",
    "titre": "Renewable Energy Software Developer / Data Analist",
    "description": "Bedrijfsomschrijving: Locatie: regio Delft Wij zijn een toonaangevende speler in de duurzame energiesector, en we zijn trots op onze innovatieve softwareoplossingen die de efficiëntie van energiegebruik wereldwijd verbeteren. Onze toegewijde teams in de regio Zuid-Holland werken samen om oplossingen te bieden die niet alleen bijdragen aan een duurzamere toekomst, maar ook inspelen op de specifieke behoeften van onze klanten. We zijn trots op onze sterke reputatie op het gebied van klanttevreden…",
    "secteur": "IT ICT vacatures",
    "skills": [],
    "techno_recherche": "java",
    "is_remote": false,
    "salaire_min": 31200,
    "salaire_max": 58800,
    "salaire_predicted": "0",
    "url": "https://www.adzuna.nl/details/5282036589?utm_medium=api&utm_source=03d8c83f",
    "date_collected": "20250704_1120"
  },
  {
    "pays": "Netherlands",
    "code_pays": "nl",
    "titre": "Automation Engineer",
    "description": "Bedrijfsomschrijving: In dit toonaangevende productiebedrijf in Maastricht, gespecialiseerd in hoogtechnologische apparatuur, speel je als Automation Engineer een sleutelrol. Het bedrijf ontwikkelt en produceert geavanceerde machines en systemen voor diverse industrieën, waaronder de automotive en semiconductor industrie. Je wordt onderdeel van een ervaren team dat zich richt op het automatiseren van productieprocessen door het ontwikkelen en implementeren van innovatieve automatiseringsoplossi…",
    "secteur": "IT ICT vacatures",
    "skills": [],
    "techno_recherche": "java",
    "is_remote": false,
    "salaire_min": 44760,
    "salaire_max": 59760,
    "salaire_predicted": "0",
    "url": "https://www.adzuna.nl/details/5282036539?utm_medium=api&utm_source=03d8c83f",
    "date_collected": "20250704_1120"
  },
  {
    "pays": "Netherlands",
    "code_pays": "nl",
    "titre": "Automation Engineer",
    "description": "Bedrijfsomschrijving: In dit toonaangevende productiebedrijf in Woerden, gespecialiseerd in hoogtechnologische apparatuur, speel je als Automation Engineer een sleutelrol. Het bedrijf ontwikkelt en produceert geavanceerde machines en systemen voor diverse industrieën, waaronder de automotive en semiconductor industrie. Je wordt onderdeel van een ervaren team dat zich richt op het automatiseren van productieprocessen door het ontwikkelen en implementeren van innovatieve automatiseringsoplossinge…",
    "secteur": "IT ICT vacatures",
    "skills": [],
    "techno_recherche": "java",
    "is_remote": false,
    "salaire_min": 44760,
    "salaire_max": 59760,
    "salaire_predicted": "0",
    "url": "https://www.adzuna.nl/details/5282036386?utm_medium=api&utm_source=03d8c83f",
    "date_collected": "20250704_1120"
  },
  {
    "pays": "Netherlands",
    "code_pays": "nl",
    "titre": "Automation Engineer",
    "description": "Bedrijfsomschrijving: In dit vooraanstaande farmaceutische productiebedrijf gevestigd in Terneuzen waar je als Automation Engineer aan de slag gaat, speel je een essentiële rol in het automatiseren van de productieprocessen. Het bedrijf is gespecialiseerd in de ontwikkeling en productie van hoogwaardige geneesmiddelen en medische apparatuur. Je focus ligt op het implementeren en onderhouden van automatiseringssystemen die voldoen aan strikte kwaliteits- en veiligheidsnormen. In deze rol werk je…",
    "secteur": "IT ICT vacatures",
    "skills": [],
    "techno_recherche": "java",
    "is_remote": false,
    "salaire_min": 44760,
    "salaire_max": 59760,
    "salaire_predicted": "0",
    "url": "https://www.adzuna.nl/details/5282036348?utm_medium=api&utm_source=03d8c83f",
    "date_collected": "20250704_1120"
  },
  {
    "pays": "Netherlands",
    "code_pays": "nl",
    "titre": "Senior Test Engineer",
    "description": "Bedrijfsomschrijving: Locatie: regio Veghel Dit bedrijf is een vooraanstaande speler in de machinebouwsector, bekend om zijn innovaties en kwaliteitsoplossingen binnen de material handling systemen. Hun systemen verbeteren de efficiëntie en productiviteit in diverse industriële omgevingen. Met een sterke regionale aanwezigheid en klanttevredenheid, streeft dit bedrijf ernaar om een leider te zijn door voortdurende innovatie. Het biedt een dynamische werkcultuur die persoonlijke groei en ontwikk…",
    "secteur": "IT ICT vacatures",
    "skills": [],
    "techno_recherche": "java",
    "is_remote": false,
    "salaire_min": 45600,
    "salaire_max": 52800,
    "salaire_predicted": "0",
    "url": "https://www.adzuna.nl/details/5282036390?utm_medium=api&utm_source=03d8c83f",
    "date_collected": "20250704_1120"
  },
  {
    "pays": "Netherlands",
    "code_pays": "nl",
    "titre": "(Junior) Software Engineer",
    "description": "Bedrijfsomschrijving: Locatie: regio Utrecht. Deze organisatie is een toonaangevende speler in de technische sector, bekend om zijn innovatie en kwaliteit. Met geavanceerde softwareoplossingen en een sterke regionale aanwezigheid draagt de organisatie bij aan het verbeteren van automatiseringsprocessen. De klanttevredenheid is uitzonderlijk, en binnen de organisatie heerst een cultuur van persoonlijke groei en samenwerking. Werknemers worden gemotiveerd door een aantrekkelijk salaris dat kan op…",
    "secteur": "IT ICT vacatures",
    "skills": [],
    "techno_recherche": "java",
    "is_remote": false,
    "salaire_min": 48000,
    "salaire_max": 48000,
    "salaire_predicted": "0",
    "url": "https://www.adzuna.nl/details/5282036431?utm_medium=api&utm_source=03d8c83f",
    "date_collected": "20250704_1120"
  },
  {
    "pays": "Netherlands",
    "code_pays": "nl",
    "titre": "Automation Engineer",
    "description": "Bedrijfsomschrijving: In dit vooraanstaande farmaceutische productiebedrijf gevestigd in Amersfoort waar je als Automation Engineer aan de slag gaat, speel je een essentiële rol in het automatiseren van de productieprocessen. Het bedrijf is gespecialiseerd in de ontwikkeling en productie van hoogwaardige geneesmiddelen en medische apparatuur. Je focus ligt op het implementeren en onderhouden van automatiseringssystemen die voldoen aan strikte kwaliteits- en veiligheidsnormen. In deze rol werk j…",
    "secteur": "IT ICT vacatures",
    "skills": [],
    "techno_recherche": "java",
    "is_remote": false,
    "salaire_min": 44760,
    "salaire_max": 59760,
    "salaire_predicted": "0",
    "url": "https://www.adzuna.nl/details/5282036239?utm_medium=api&utm_source=03d8c83f",
    "date_collected": "20250704_1120"
  },
  {
    "pays": "Netherlands",
    "code_pays": "nl",
    "titre": "Automation Engineer",
    "description": "Bedrijfsomschrijving: In dit toonaangevende productiebedrijf in Hoogeveen, gespecialiseerd in hoogtechnologische apparatuur, speel je als Automation Engineer een sleutelrol. Het bedrijf ontwikkelt en produceert geavanceerde machines en systemen voor diverse industrieën, waaronder de automotive en semiconductor industrie. Je wordt onderdeel van een ervaren team dat zich richt op het automatiseren van productieprocessen door het ontwikkelen en implementeren van innovatieve automatiseringsoplossin…",
    "secteur": "IT ICT vacatures",
    "skills": [],
    "techno_recherche": "java",
    "is_remote": false,
    "salaire_min": 44760,
    "salaire_max": 59760,
    "salaire_predicted": "0",
    "url": "https://www.adzuna.nl/details/5282036304?utm_medium=api&utm_source=03d8c83f",
    "date_collected": "20250704_1120"
  },
  {
    "pays": "Netherlands",
    "code_pays": "nl",
    "titre": "Automation Engineer",
    "description": "Bedrijfsomschrijving: In dit toonaangevende productiebedrijf in Stadskanaal, gespecialiseerd in hoogtechnologische apparatuur, speel je als Automation Engineer een sleutelrol. Het bedrijf ontwikkelt en produceert geavanceerde machines en systemen voor diverse industrieën, waaronder de automotive en semiconductor industrie. Je wordt onderdeel van een ervaren team dat zich richt op het automatiseren van productieprocessen door het ontwikkelen en implementeren van innovatieve automatiseringsoploss…",
    "secteur": "IT ICT vacatures",
    "skills": [],
    "techno_recherche": "java",
    "is_remote": false,
    "salaire_min": 44760,
    "salaire_max": 59760,
    "salaire_predicted": "0",
    "url": "https://www.adzuna.nl/details/5282036214?utm_medium=api&utm_source=03d8c83f",
    "date_collected": "20250704_1120"
  },
  {
    "pays": "Netherlands",
    "code_pays": "nl",
    "titre": "Automation Engineer",
    "description": "Bedrijfsomschrijving: In dit toonaangevende productiebedrijf in Den Bosch, gespecialiseerd in hoogtechnologische apparatuur, speel je als Automation Engineer een sleutelrol. Het bedrijf ontwikkelt en produceert geavanceerde machines en systemen voor diverse industrieën, waaronder de automotive en semiconductor industrie. Je wordt onderdeel van een ervaren team dat zich richt op het automatiseren van productieprocessen door het ontwikkelen en implementeren van innovatieve automatiseringsoplossin…",
    "secteur": "IT ICT vacatures",
    "skills": [],
    "techno_recherche": "java",
    "is_remote": false,
    "salaire_min": 44760,
    "salaire_max": 59760,
    "salaire_predicted": "0",
    "url": "https://www.adzuna.nl/details/5282035900?utm_medium=api&utm_source=03d8c83f",
    "date_collected": "20250704_1120"
  },
  {
    "pays": "Netherlands",
    "code_pays": "nl",
    "titre": "Software Engineer",
    "description": "Bedrijfsomschrijving: Locatie: regio Heerhugowaard. Dit toonaangevende bedrijf speelt een sleutelrol in de technologische sector door zijn innovaties en het streven naar kwaliteit. Als koploper in de regio Heerhugowaard, brengt de organisatie geavanceerde techniek en superieure klanttevredenheid samen. Met een focus op softwareontwikkeling biedt het bedrijf oplossingen die de grenzen van technologie verleggen en een significante impact hebben in hun vakgebied. Werknemers worden aangemoedigd om …",
    "secteur": "IT ICT vacatures",
    "skills": [],
    "techno_recherche": "java",
    "is_remote": false,
    "salaire_min": 56400,
    "salaire_max": 56400,
    "salaire_predicted": "0",
    "url": "https://www.adzuna.nl/details/5282035858?utm_medium=api&utm_source=03d8c83f",
    "date_collected": "20250704_1120"
  },
  {
    "pays": "Netherlands",
    "code_pays": "nl",
    "titre": "Application Software Engineer",
    "description": "Bedrijfsomschrijving: Locatie: regio Utrecht. Ons bedrijf is een leider in de sector door innovatie, kwaliteit en nauwe samenwerking. We hanteren unieke technieken en hebben een sterke regionale aanwezigheid. Onze activiteiten hebben een aanzienlijke impact op de industrie. We stimuleren persoonlijke groei en ontwikkeling binnen een betrokken en open cultuur. Met een salaris tot €4700, bieden wij een kans om te groeien in een stimulerende omgeving. Functie-inhoud: Ontwikkelen en optimaliseren v…",
    "secteur": "IT ICT vacatures",
    "skills": [],
    "techno_recherche": "java",
    "is_remote": false,
    "salaire_min": 56400,
    "salaire_max": 56400,
    "salaire_predicted": "0",
    "url": "https://www.adzuna.nl/details/5282035683?utm_medium=api&utm_source=03d8c83f",
    "date_collected": "20250704_1120"
  },
  {
    "pays": "Netherlands",
    "code_pays": "nl",
    "titre": "Automation Engineer",
    "description": "Bedrijfsomschrijving: In dit vooraanstaande farmaceutische productiebedrijf gevestigd in Gouda waar je als Automation Engineer aan de slag gaat, speel je een essentiële rol in het automatiseren van de productieprocessen. Het bedrijf is gespecialiseerd in de ontwikkeling en productie van hoogwaardige geneesmiddelen en medische apparatuur. Je focus ligt op het implementeren en onderhouden van automatiseringssystemen die voldoen aan strikte kwaliteits- en veiligheidsnormen. In deze rol werk je nau…",
    "secteur": "IT ICT vacatures",
    "skills": [],
    "techno_recherche": "java",
    "is_remote": false,
    "salaire_min": 44760,
    "salaire_max": 59760,
    "salaire_predicted": "0",
    "url": "https://www.adzuna.nl/details/5282035546?utm_medium=api&utm_source=03d8c83f",
    "date_collected": "20250704_1120"
  },
  {
    "pays": "Netherlands",
    "code_pays": "nl",
    "titre": "Software Engineer Java",
    "description": "Bedrijfsomschrijving: Locatie: regio Utrecht Dit snelgroeiende technologiebedrijf dat zich richt op het leveren van innovatieve en op maat gemaakte softwareoplossingen aan klanten in de Leisure en Industrie. Met een gepassioneerd team van experts streven ze naar het bieden van hoogwaardige diensten en het creëren van baanbrekende technologische oplossingen. Als Software Engineer Java maak je deel uit van het getalenteerde ontwikkelingsteam en werk je aan uitdagende projecten die een reële impac…",
    "secteur": "IT ICT vacatures",
    "skills": [
      "java"
    ],
    "techno_recherche": "java",
    "is_remote": false,
    "salaire_min": 40632,
    "salaire_max": 66264,
    "salaire_predicted": "0",
    "url": "https://www.adzuna.nl/details/5282035175?utm_medium=api&utm_source=03d8c83f",
    "date_collected": "20250704_1120"
  },
  {
    "pays": "Netherlands",
    "code_pays": "nl",
    "titre": "Software Engineer Java",
    "description": "Bedrijfsomschrijving: Locatie: regio Deventer Dit toonaangevende multidisciplinaire automatiseringsbedrijf is internationaal actief. Met een team van innovatieve en gepassioneerde professionals leveren ze hoogwaardige softwareoplossingen aan onze klanten in diverse sectoren, waaronder de automatisering, financiële dienstverlening, gezondheidszorg en logistiek. De projecten van dit bedrijf omvatten zowel front-end als back-end ontwikkeling, waarbij Java een essentieel onderdeel is van onze techn…",
    "secteur": "IT ICT vacatures",
    "skills": [
      "java"
    ],
    "techno_recherche": "java",
    "is_remote": false,
    "salaire_min": 70500,
    "salaire_max": 70500,
    "salaire_predicted": "0",
    "url": "https://www.adzuna.nl/details/5282035228?utm_medium=api&utm_source=03d8c83f",
    "date_collected": "20250704_1120"
  },
  {
    "pays": "Netherlands",
    "code_pays": "nl",
    "titre": "Automation Engineer",
    "description": "Bedrijfsomschrijving: In dit vooraanstaande farmaceutische productiebedrijf gevestigd in Coevorden waar je als Automation Engineer aan de slag gaat, speel je een essentiële rol in het automatiseren van de productieprocessen. Het bedrijf is gespecialiseerd in de ontwikkeling en productie van hoogwaardige geneesmiddelen en medische apparatuur. Je focus ligt op het implementeren en onderhouden van automatiseringssystemen die voldoen aan strikte kwaliteits- en veiligheidsnormen. In deze rol werk je…",
    "secteur": "IT ICT vacatures",
    "skills": [],
    "techno_recherche": "java",
    "is_remote": false,
    "salaire_min": 44760,
    "salaire_max": 59760,
    "salaire_predicted": "0",
    "url": "https://www.adzuna.nl/details/5282035023?utm_medium=api&utm_source=03d8c83f",
    "date_collected": "20250704_1120"
  },
  {
    "pays": "Netherlands",
    "code_pays": "nl",
    "titre": "Automation Engineer",
    "description": "Bedrijfsomschrijving: In dit vooraanstaande farmaceutische productiebedrijf gevestigd in Harderwijk waar je als Automation Engineer aan de slag gaat, speel je een essentiële rol in het automatiseren van de productieprocessen. Het bedrijf is gespecialiseerd in de ontwikkeling en productie van hoogwaardige geneesmiddelen en medische apparatuur. Je focus ligt op het implementeren en onderhouden van automatiseringssystemen die voldoen aan strikte kwaliteits- en veiligheidsnormen. In deze rol werk j…",
    "secteur": "IT ICT vacatures",
    "skills": [],
    "techno_recherche": "java",
    "is_remote": false,
    "salaire_min": 44760,
    "salaire_max": 59760,
    "salaire_predicted": "0",
    "url": "https://www.adzuna.nl/details/5282034938?utm_medium=api&utm_source=03d8c83f",
    "date_collected": "20250704_1120"
  },
  {
    "pays": "Netherlands",
    "code_pays": "nl",
    "titre": "Automation Engineer",
    "description": "Bedrijfsomschrijving: In dit toonaangevende productiebedrijf in Rotterdam, gespecialiseerd in hoogtechnologische apparatuur, speel je als Automation Engineer een sleutelrol. Het bedrijf ontwikkelt en produceert geavanceerde machines en systemen voor diverse industrieën, waaronder de automotive en semiconductor industrie. Je wordt onderdeel van een ervaren team dat zich richt op het automatiseren van productieprocessen door het ontwikkelen en implementeren van innovatieve automatiseringsoplossin…",
    "secteur": "IT ICT vacatures",
    "skills": [],
    "techno_recherche": "java",
    "is_remote": false,
    "salaire_min": 44760,
    "salaire_max": 59760,
    "salaire_predicted": "0",
    "url": "https://www.adzuna.nl/details/5282034928?utm_medium=api&utm_source=03d8c83f",
    "date_collected": "20250704_1120"
  },
  {
    "pays": "Netherlands",
    "code_pays": "nl",
    "titre": "JAVA Software Enigneer",
    "description": "Bedrijfsomschrijving: Location: regio Amsterdam. Als toonaangevende organisatie in softwareontwikkeling, staan we bekend om onze innovatieve oplossingen en samenwerking. Wij opereren op het snijvlak van technologie en dienstverlening en streven naar uitstekende klanttevredenheid. Met een sterke aanwezigheid in de regio Amsterdam, hebben we baanbrekende technieken ontwikkeld die de industrie vormgeven. Persoonlijke groei en ontwikkeling worden bij ons gestimuleerd binnen een betrokken en open cu…",
    "secteur": "IT ICT vacatures",
    "skills": [
      "java"
    ],
    "techno_recherche": "java",
    "is_remote": false,
    "salaire_min": 68400,
    "salaire_max": 68400,
    "salaire_predicted": "0",
    "url": "https://www.adzuna.nl/details/5282034749?utm_medium=api&utm_source=03d8c83f",
    "date_collected": "20250704_1120"
  },
  {
    "pays": "Netherlands",
    "code_pays": "nl",
    "titre": "Senior Software Developer",
    "description": "Bedrijfsomschrijving: Locatie: regio Amsterdam. Dit bedrijf is een toonaangevende speler in de technologie-industrie, bekend om zijn innovatieve aanpak en inzet voor kwaliteit. Met een sterke aanwezigheid in de regio, streeft het ernaar de beste oplossingen te bieden en persoonlijke groei binnen een open cultuur te bevorderen. Het bedrijf biedt een aantrekkelijk salaris tot wel €6500 en investeert in de ontwikkeling van zijn teamleden. Functie-inhoud: Ontwikkelen en implementeren van hoogwaardi…",
    "secteur": "Vacatures Ander of Algemeen",
    "skills": [],
    "techno_recherche": "java",
    "is_remote": false,
    "salaire_min": 78000,
    "salaire_max": 78000,
    "salaire_predicted": "0",
    "url": "https://www.adzuna.nl/details/5282034586?utm_medium=api&utm_source=03d8c83f",
    "date_collected": "20250704_1120"
  },
  {
    "pays": "Netherlands",
    "code_pays": "nl",
    "titre": "Softwareontwikkelaar Omgevingswet",
    "description": "Over de functie Ben jij dol op programmeren en werk je graag mee aan software die impact maakt? Bij onze opdrachtgever krijg je de kans om jouw programmeerpassie in te zetten voor maatschappelijke projecten die ertoe doen! Als softwareontwikkelaar werk je op een Agile manier, vaak samen met de klant, aan innovatieve oplossingen binnen de Omgevingswet. Deze nieuwe wet regelt de fysieke leefomgeving op een efficiënte en allesomvattende manier. Jouw werk heeft dus écht betekenis! Onze opdrachtgeve…",
    "secteur": "IT ICT vacatures",
    "skills": [],
    "techno_recherche": "java",
    "is_remote": false,
    "salaire_min": 38400,
    "salaire_max": 54000,
    "salaire_predicted": "0",
    "url": "https://www.adzuna.nl/details/5280357512?utm_medium=api&utm_source=03d8c83f",
    "date_collected": "20250704_1120"
  },
  {
    "pays": "Netherlands",
    "code_pays": "nl",
    "titre": "Backend Developer",
    "description": "Ben jij een ervaren backend developer die graag nieuwe uitdagingen aangaat? Wij bieden een fantastische kans voor iemand met een passie voor ontwikkeling en een drang naar innovatie. In ons team werk je aan het onderhoud en de ontwikkeling van backend applicaties. Je zult betrokken zijn bij het vervangen van oude templating door nieuwe front-end oplossingen en het ontwikkelen van nieuwe services in Java om content via GraphQL beschikbaar te maken voor de front-end.",
    "secteur": "Bouwkunde vacatures",
    "skills": [
      "java"
    ],
    "techno_recherche": "java",
    "is_remote": false,
    "salaire_min": 42000,
    "salaire_max": 60000,
    "salaire_predicted": "0",
    "url": "https://www.adzuna.nl/details/5280351868?utm_medium=api&utm_source=03d8c83f",
    "date_collected": "20250704_1120"
  },
  {
    "pays": "Netherlands",
    "code_pays": "nl",
    "titre": "Java Engineer",
    "description": "Nice to know (you) Join us at Enabling Technologies, where we're pioneering in a mission-critical environment, with a strong focus on quality and safety. Let's push technology boundaries together. 24/7 Connecting the Airport: Our Integration team powers seamless connections between the airport and partners round the clock. In everything we do, we pay attention to people, the environment and the surroundings. Connecting your world As a Java Engineer you'll be at the forefront of transforming air…",
    "secteur": "Unknown",
    "skills": [
      "java"
    ],
    "techno_recherche": "java",
    "is_remote": false,
    "salaire_min": 55448,
    "salaire_max": 77201,
    "salaire_predicted": "0",
    "url": "https://www.adzuna.nl/land/ad/5278297634?se=JPMkibhY8BGqCIMQwFXQwA&utm_medium=api&utm_source=03d8c83f&v=676CE1F7A96E44108F54338CC101CE43A10C895A",
    "date_collected": "20250704_1120"
  },
  {
    "pays": "Netherlands",
    "code_pays": "nl",
    "titre": "Platform Engineer Process Automation",
    "description": "Nice to know (you) As a Platform Engineer Process Automation, you optimize event-driven business processes in airport operations with smart business rules and intelligent solutions. Join us at Enabling Technology, where we're pioneering in a mission-critical environment, with a strong focus on quality and safety. Let's push technology boundaries together! With 3,000 proud colleagues, we work toward our mission: \"the world's most sustainable and high quality airports. Connecting your world As a …",
    "secteur": "Unknown",
    "skills": [],
    "techno_recherche": "java",
    "is_remote": false,
    "salaire_min": 55452,
    "salaire_max": 77196,
    "salaire_predicted": "0",
    "url": "https://www.adzuna.nl/land/ad/5278291440?se=JPMkibhY8BGqCIMQwFXQwA&utm_medium=api&utm_source=03d8c83f&v=AAC197136D95CE65BD9B2E21F70C8B081199CE2C",
    "date_collected": "20250704_1120"
  },
  {
    "pays": "Netherlands",
    "code_pays": "nl",
    "titre": "Senior Developer",
    "description": "Ben jij een ervaren ontwikkelaar die graag bijdraagt aan veiligheid en opsporing? In deze rol werk je aan software die een directe impact heeft op het werk van rechercheurs. Je ontwikkelt en onderhoudt systemen voor verhoorregistratie en forensisch onderzoek, die van cruciaal belang zijn voor de maatschappij. Je maakt deel uit van een team binnen het cluster Forensische Opsporing en Verhoorregistratie, waar je software ontwikkelt en beheert die essentieel is voor opsporing. Je speelt een belang…",
    "secteur": "Bouwkunde vacatures",
    "skills": [],
    "techno_recherche": "java",
    "is_remote": false,
    "salaire_min": 42000,
    "salaire_max": 60000,
    "salaire_predicted": "0",
    "url": "https://www.adzuna.nl/details/5278250718?utm_medium=api&utm_source=03d8c83f",
    "date_collected": "20250704_1120"
  },
  {
    "pays": "Netherlands",
    "code_pays": "nl",
    "titre": "Senior DevOps Developer Java",
    "description": "Als ervaren DevOps developer met een specialisatie in Java, speel je een essentiële rol in het ontwerpen, ontwikkelen en implementeren van geavanceerde softwareoplossingen. Je werkt binnen een multidisciplinair team van DevOps engineers en IT-experts om hoogwaardige ICT-oplossingen te creëren. Deze oplossingen dragen bij aan de informatievoorziening voor operationele professionals, waardoor zij snel en efficiënt kunnen handelen.",
    "secteur": "Bouwkunde vacatures",
    "skills": [
      "java"
    ],
    "techno_recherche": "java",
    "is_remote": false,
    "salaire_min": 42000,
    "salaire_max": 60000,
    "salaire_predicted": "0",
    "url": "https://www.adzuna.nl/details/5278250728?utm_medium=api&utm_source=03d8c83f",
    "date_collected": "20250704_1120"
  },
  {
    "pays": "Netherlands",
    "code_pays": "nl",
    "titre": "Platform engineer process automation",
    "description": "Join our team at Schiphol Group as a Platform Engineer Process Automation and help us optimize event-driven business processes in airport operations. You'll be working on cutting-edge technology in a mission-critical environment, focusing on quality and safety. Your role in our team As a Platform Engineer Process Automation, you'll be instrumental in developing technology for one of our essential integration platforms. Your main responsibilities will include: Implementing business rules with th…",
    "secteur": "Unknown",
    "skills": [],
    "techno_recherche": "java",
    "is_remote": false,
    "salaire_min": 55452,
    "salaire_max": 77196,
    "salaire_predicted": "0",
    "url": "https://www.adzuna.nl/details/5277312842?utm_medium=api&utm_source=03d8c83f",
    "date_collected": "20250704_1120"
  },
  {
    "pays": "Netherlands",
    "code_pays": "nl",
    "titre": "Back-end Java Developer",
    "description": "Back-end Java Developer | Data gedreven mobiliteitsoplossingen bouwen Wil jij bouwen aan slimme, datagedreven oplossingen die bijdragen aan veiligere wegen, betere doorstroming én duurzamer verkeer? In deze rol als Back-end Java Developer zet je jouw skills in voor een krachtig dataplatform dat historische en actuele verkeersinformatie verwerkt tot inzichten voor overheden en beleidsmakers. Wat ga je doen Binnen het team Datafusie werk je aan een robuust dataplatform dat gegevens uit verschille…",
    "secteur": "IT ICT vacatures",
    "skills": [
      "java"
    ],
    "techno_recherche": "java",
    "is_remote": false,
    "salaire_min": 84000,
    "salaire_max": 84000,
    "salaire_predicted": "0",
    "url": "https://www.adzuna.nl/details/5277054427?utm_medium=api&utm_source=03d8c83f",
    "date_collected": "20250704_1120"
  },
  {
    "pays": "Netherlands",
    "code_pays": "nl",
    "titre": "Cloud Data Platform Engineer | Shape the Future of Scalable Azure Infrastructure",
    "description": "Cloud Data Platform Engineer | Shape the Future of Scalable Azure Infrastructure Are you a hands-on, forward-thinking engineer ready to elevate modern data platforms in a fast-paced DevOps environment? Join a high-performing team responsible for designing, building, and optimizing a robust cloud-based data ecosystem powered by Microsoft Azure. In this role, you will design and maintain scalable solutions using Azure services such as Azure Data Factory, Databricks, and Microsoft Fabric. You’ll p…",
    "secteur": "IT ICT vacatures",
    "skills": [
      "azure"
    ],
    "techno_recherche": "java",
    "is_remote": false,
    "salaire_min": 72000,
    "salaire_max": 72000,
    "salaire_predicted": "0",
    "url": "https://www.adzuna.nl/details/5277053782?utm_medium=api&utm_source=03d8c83f",
    "date_collected": "20250704_1120"
  },
  {
    "pays": "Netherlands",
    "code_pays": "nl",
    "titre": "Software Engineer (Java/GoLang)",
    "description": "Software Engineer (Java/GoLang) Are you an enthusiastic Software Engineer with DevOps experience, looking to make a significant impact in the telco business? then check out our new opening! The Swisscom Production Service and Resource Catalog is the basis for transparency and automation for every Service in Swisscom. By working on it you will have great impact on making Swisscom more data driven and automated. Its a high profile project which has a lot of attention. It is in an advanced stage o…",
    "secteur": "IT ICT vacatures",
    "skills": [
      "java"
    ],
    "techno_recherche": "java",
    "is_remote": false,
    "salaire_min": 55000,
    "salaire_max": 65000,
    "salaire_predicted": "0",
    "url": "https://www.adzuna.nl/details/5275916537?utm_medium=api&utm_source=03d8c83f",
    "date_collected": "20250704_1120"
  },
  {
    "pays": "Netherlands",
    "code_pays": "nl",
    "titre": "DevOps Engineer",
    "description": "We zijn op zoek naar ervaren Dev-DevOps Engineers met een sterke Java-ontwikkelingsachtergrond voor een langdurig werk aan het uitbouwen van cloud-agnostische services door middel van infrastructuur als code. De DevOps-engineers zijn verantwoordelijk voor het bouwen, ontwerpen, plannen en bouwen van cloudinfrastructuur vanaf het architectuurontwerp. Zeer bedreven in infrastructure as code en het gebruik van automatiseringstechnieken en -tools. Vereisten De ideale DevOps Engineer heeft ervaring …",
    "secteur": "IT ICT vacatures",
    "skills": [
      "java"
    ],
    "techno_recherche": "java",
    "is_remote": false,
    "salaire_min": 84000,
    "salaire_max": 84000,
    "salaire_predicted": "0",
    "url": "https://www.adzuna.nl/details/5275249846?utm_medium=api&utm_source=03d8c83f",
    "date_collected": "20250704_1120"
  },
  {
    "pays": "Netherlands",
    "code_pays": "nl",
    "titre": "Full-stack Developer",
    "description": "Als Full-Stack Developer bij onze opdrachtgever werk je aan de doorontwikkeling van hun eigen systemen en neem je deel aan diverse projecten. Je werkt met Java en JavaScript frameworks zoals Angular en ExtJS om robuuste oplossingen te bouwen. Samen met ervaren collega s, waaronder Front-End, Back-End en Alfresco developers, krijg je de kans om aan alle aspecten van het ontwikkelproces mee te werken. Je taken zijn onder andere: Ontwerpen en ontwikkelen van interne productoplossingen Samenwerken …",
    "secteur": "IT ICT vacatures",
    "skills": [
      "java",
      "angular"
    ],
    "techno_recherche": "java",
    "is_remote": false,
    "salaire_min": 36000,
    "salaire_max": 48000,
    "salaire_predicted": "0",
    "url": "https://www.adzuna.nl/details/5275016661?utm_medium=api&utm_source=03d8c83f",
    "date_collected": "20250704_1120"
  },
  {
    "pays": "Netherlands",
    "code_pays": "nl",
    "titre": "Senior Data Engineer",
    "description": "Werken aan morgen, met de beste technologie van nu. Werken bij LINKIT gaat om grenzen verleggen. Ontdekken, ontwikkelen, expertise delen en continu zoeken naar verbetering. We combineren lange termijn strategisch denken, diepgaande enterprise-ervaring en een mensgerichte aanpak om klanten te helpen hun bedrijfsprocessen te transformeren en te domineren in hun industrie. Elke dag werken meer dan 1.000 van onze mensen uit 20 landen aan kritieke technologie bij bedrijven als Defensie, KLM en ASML.…",
    "secteur": "IT ICT vacatures",
    "skills": [],
    "techno_recherche": "java",
    "is_remote": false,
    "salaire_min": 54000,
    "salaire_max": 72000,
    "salaire_predicted": "0",
    "url": "https://www.adzuna.nl/details/5273632733?utm_medium=api&utm_source=03d8c83f",
    "date_collected": "20250704_1120"
  },
  {
    "pays": "Netherlands",
    "code_pays": "nl",
    "titre": "Full Stack Developer (32–40 uur) | Arnhem (hybride)",
    "description": "Full Stack Developer (32–40 uur) | Arnhem (hybride) Wil jij meebouwen aan slimme, toekomstbestendige applicaties die processen versimpelen, datastromen stimuleren en field-operaties stroomlijnen? Als Full Stack Developer werk je in een gedreven Scrum-team aan zowel nieuwe als bestaande software-oplossingen. Jouw werk vertaalt direct naar meetbare efficiency in de operatie van ons energiesysteem. Wat jij doet • Ontwikkelen en onderhouden van full-stack applicaties in Java/Kotlin (Spring Boot) en…",
    "secteur": "IT ICT vacatures",
    "skills": [
      "java"
    ],
    "techno_recherche": "java",
    "is_remote": false,
    "salaire_min": 84000,
    "salaire_max": 84000,
    "salaire_predicted": "0",
    "url": "https://www.adzuna.nl/details/5271538737?utm_medium=api&utm_source=03d8c83f",
    "date_collected": "20250704_1120"
  },
  {
    "pays": "Netherlands",
    "code_pays": "nl",
    "titre": "Release Manager",
    "description": "Organisatie Truston bestaat ruim 30 jaar en zij zijn met ongeveer 60 collega’s. Zij zijn gevestigd in een modern ingericht kantoor met alle faciliteiten voor hybride werken en ontmoetingsruimten. Je vindt dit kantoor in Utrecht. Als IT dienstverlener streeft Truston naar het continu leveren van toegevoegde waarde aan organisaties. Truston gelooft dat zij samen verder kunnen komen door samenwerking. Zij leveren generieke ICT beheer diensten en zijn specialist voor alle (beheer-)diensten voor de …",
    "secteur": "Unknown",
    "skills": [],
    "techno_recherche": "java",
    "is_remote": false,
    "salaire_min": 70000,
    "salaire_max": 70000,
    "salaire_predicted": "0",
    "url": "https://www.adzuna.nl/details/5271493926?utm_medium=api&utm_source=03d8c83f",
    "date_collected": "20250704_1120"
  },
  {
    "pays": "Netherlands",
    "code_pays": "nl",
    "titre": "Senior Software Engineer Java BRK Info",
    "description": "Ft 22358. Kadaster Kadaster Het Kadaster registreert en verstrekt gegevens over de ligging van vastgoed in Nederland en de daarmee samenhangende rechten, zoals eigendom en hypotheek. Als zelfstandig bestuursorgaan is dat onze wettelijke taak. Onze gegevens bieden houvast bij het onderzoeken van maatschappelijke vraagstukken, of het nu gaat om de beste route voor een nieuwe snelweg, actuele ontwikkelingen op de woningmarkt of het in beeld brengen van leegstand. Opdracht Je draait mee bij de behe…",
    "secteur": "IT ICT vacatures",
    "skills": [
      "java"
    ],
    "techno_recherche": "java",
    "is_remote": false,
    "salaire_min": 63756,
    "salaire_max": 63756,
    "salaire_predicted": "0",
    "url": "https://www.adzuna.nl/details/5270377417?utm_medium=api&utm_source=03d8c83f",
    "date_collected": "20250704_1120"
  },
  {
    "pays": "Netherlands",
    "code_pays": "nl",
    "titre": "CRM Developer / Consultant",
    "description": "Jouw taken en verantwoordelijkheden Als CRM Developer / Consultant werk je aan slimme technische oplossingen die collega's en processen écht vooruithelpen. Daarnaast hou jij je bezig met de volgende werkzaamheden: CRM- en andere systemen inrichten, zoals Zoho, AFAS Profit en Power BI en zorgen dat ze goed blijven werken; De wensen vertalen van collega’s naar technische oplossingen en bouwt slimme workflows en maatwerkfunctionaliteiten; Helpen om de sales en marketing slimmer en sneller te laten…",
    "secteur": "Unknown",
    "skills": [],
    "techno_recherche": "java",
    "is_remote": false,
    "salaire_min": 36000,
    "salaire_max": 60000,
    "salaire_predicted": "0",
    "url": "https://www.adzuna.nl/details/5269808313?utm_medium=api&utm_source=03d8c83f",
    "date_collected": "20250704_1120"
  },
  {
    "pays": "Netherlands",
    "code_pays": "nl",
    "titre": "Senior Java Engineer-Consultant",
    "description": "Je bent geen codeklopper. Je bent een engineer. Iemand die techniek, business en context snapt en verbindt. Bij Techspire werk je niet voor klanten, maar met ze. Je denkt kritisch, werkt samen en bouwt duurzame oplossingen zonder ruis. We zoeken geen purist, wel een vakmens. Iemand die Java (17), Spring Boot en microservices kent, maar vooral: iemand die wil blijven leren. Die eigenaarschap pakt en anderen meeneemt. Techspire biedt je vrijheid, inhoud, begeleiding en een pad. Richting architect…",
    "secteur": "IT ICT vacatures",
    "skills": [
      "java"
    ],
    "techno_recherche": "java",
    "is_remote": false,
    "salaire_min": 65000,
    "salaire_max": 80000,
    "salaire_predicted": "0",
    "url": "https://www.adzuna.nl/details/5269800340?utm_medium=api&utm_source=03d8c83f",
    "date_collected": "20250704_1120"
  },
  {
    "pays": "Netherlands",
    "code_pays": "nl",
    "titre": "Technisch OSINT Onderzoeker",
    "description": "Wat ga je doen? Inlichtingenteams voorzien van grootschalige open source inlichtingen door technisch onderzoek en analyse. Dat is jouw belangrijkste taak als Technisch OSINT Onderzoeker bij de Militaire Inlichtingen- en Veiligheidsdienst (MIVD) in Den Haag. Het vakgebied OSINT ontwikkelt zich namelijk razendsnel en is al lang niet meer alleen het lezen van de krant. De sleutel tot het optimaal benutten van dit vakgebied ligt in het vinden van unieke informatie in een enorme hoeveelheid data. In…",
    "secteur": "Unknown",
    "skills": [],
    "techno_recherche": "java",
    "is_remote": false,
    "salaire_min": 57000,
    "salaire_max": 78600,
    "salaire_predicted": "0",
    "url": "https://www.adzuna.nl/details/5266915709?utm_medium=api&utm_source=03d8c83f",
    "date_collected": "20250704_1120"
  },
  {
    "pays": "Netherlands",
    "code_pays": "nl",
    "titre": "Medior Cloud .NET Developer bij Cloud Republic",
    "description": "De highlights van jouw volgende uitdaging als medior Cloud .NET Developer: Bouw slimme applicaties met echte impact en denk mee over de architectuur, samen met de klant Leren van n met collega s tijdens kennissessies, Lunch&Learn en Dev Talks Geen standaard pad, maar jouw pad met ruimte voor technische verdieping of nieuwe rollen Vakmanschap in een relaxte sfeer; hier werk je met mensen die je inspireren n laten lachen Bouw jij graag aan slimme, schaalbare oplossingen in de Azure-cloud? Je werk…",
    "secteur": "IT ICT vacatures",
    "skills": [
      "azure"
    ],
    "techno_recherche": "java",
    "is_remote": false,
    "salaire_min": 47400,
    "salaire_max": 70800,
    "salaire_predicted": "0",
    "url": "https://www.adzuna.nl/details/5265978155?utm_medium=api&utm_source=03d8c83f",
    "date_collected": "20250704_1120"
  },
  {
    "pays": "Netherlands",
    "code_pays": "nl",
    "titre": "Senior Cloud .NET Developer bij Cloud Republic",
    "description": "De highlights van jouw volgende uitdaging als senior Cloud .NET Developer: Bouw slimme cloudapplicaties met echte impact vanaf architectuur tot livegang, altijd in overleg met de klant. Blijf groeien en deel je kennis in kennissessies en onze maandelijkse Lunch&Learn, onze eigen podcast Dev Talks f zelfs op events als Azure Fest en Techorama. Jouw pad, jouw tempo met technische verdieping, architect of tech lead: jij bepaalt hoe je verder groeit. Vakmanschap met een relaxte sfeer in een informe…",
    "secteur": "IT ICT vacatures",
    "skills": [
      "azure"
    ],
    "techno_recherche": "java",
    "is_remote": false,
    "salaire_min": 54000,
    "salaire_max": 81000,
    "salaire_predicted": "0",
    "url": "https://www.adzuna.nl/details/5265978146?utm_medium=api&utm_source=03d8c83f",
    "date_collected": "20250704_1120"
  },
  {
    "pays": "Netherlands",
    "code_pays": "nl",
    "titre": "Senior JAVA ontwikkelaar",
    "description": "We zoeken JAVA ontwikkelaar die gemotiveerd is om in een Agile/Scrum omgeving te werken binnen een Multi-disciplinair team. Vereisten * ruime kennis en ervaring met Java en JEE (minimaal 4 jaar) * kennis en ervaring met Unit testing en codekwaliteit * kennis van Webservices (xsds / wsds) * kennis van Restservices * kennis van Kubernetes * affiniteit met testen (als team zijn we verantwoordelijk voor de kwaliteit) * kennis van SCRUM en ervaring met SCRUM-projecten * kennis en ervaring met SAFe i…",
    "secteur": "IT ICT vacatures",
    "skills": [
      "java",
      "kubernetes"
    ],
    "techno_recherche": "java",
    "is_remote": false,
    "salaire_min": 78000,
    "salaire_max": 78000,
    "salaire_predicted": "0",
    "url": "https://www.adzuna.nl/details/5265914725?utm_medium=api&utm_source=03d8c83f",
    "date_collected": "20250704_1120"
  },
  {
    "pays": "Netherlands",
    "code_pays": "nl",
    "titre": "Senior Java Developer bij Cloud Republic",
    "description": "Waarom je aan de slag wil als senior Java Developer bij Cloud Republic: Persoonlijke ontwikkeling is voor jou een must. Elke week iets nieuws leren laat jouw developer hart sneller kloppen. Ruimte en vrijheid staan hoog op je lijstje n op die van ons. We vinden werk- priv balans heel belangrijk en bewegen graag met je mee. Werken voor fantastische klanten zoals Defensie, Politie, LeasePlan, BMW en ministeries. Als Java Developer bij Cloud Republic heb je een veelzijdige rol waarin je elke dag k…",
    "secteur": "IT ICT vacatures",
    "skills": [
      "java"
    ],
    "techno_recherche": "java",
    "is_remote": false,
    "salaire_min": 54000,
    "salaire_max": 81000,
    "salaire_predicted": "0",
    "url": "https://www.adzuna.nl/details/5264141806?utm_medium=api&utm_source=03d8c83f",
    "date_collected": "20250704_1120"
  },
  {
    "pays": "Netherlands",
    "code_pays": "nl",
    "titre": "Java Developer",
    "description": "Wil jij jezelf blijven ontwikkelen en werken in een team waar je je direct thuis voelt? Ben jij een Java developer die op zoek is naar uitdagende projecten en een organisatie die echt aandacht heeft voor jou? Dan zijn we op zoek naar jou! Wat ga je doen? Als Java developer bij onze opdrachtgever werk je aan afwisselende en uitdagende opdrachten voor (middel)grote organisaties in een dynamisch ICT-landschap. In deze rol houd je je bezig met zowel back-end als front-end ontwikkeling op basis van …",
    "secteur": "IT ICT vacatures",
    "skills": [
      "java"
    ],
    "techno_recherche": "java",
    "is_remote": false,
    "salaire_min": 36000,
    "salaire_max": 72000,
    "salaire_predicted": "0",
    "url": "https://www.adzuna.nl/details/5264141506?utm_medium=api&utm_source=03d8c83f",
    "date_collected": "20250704_1120"
  },
  {
    "pays": "Netherlands",
    "code_pays": "nl",
    "titre": "Medior Java Developer bij Cloud Republic",
    "description": "Waarom je jij Medior Java Developer bij Cloud Republic wilt worden: Persoonlijke ontwikkeling is voor jou een must. Elke week iets nieuws leren laat jouw developer hart sneller kloppen. Ruimte en vrijheid staan hoog op je lijstje n op die van ons. We vinden werk- priv balans heel belangrijk en bewegen graag met je mee. Werken voor fantastische klanten zoals Defensie, Politie, LeasePlan, BMW en ministeries. Als Java Developer bij Cloud Republic heb je een veelzijdige rol waarin je elke dag kunt …",
    "secteur": "IT ICT vacatures",
    "skills": [
      "java"
    ],
    "techno_recherche": "java",
    "is_remote": false,
    "salaire_min": 48600,
    "salaire_max": 72600,
    "salaire_predicted": "0",
    "url": "https://www.adzuna.nl/details/5264141325?utm_medium=api&utm_source=03d8c83f",
    "date_collected": "20250704_1120"
  },
  {
    "pays": "Netherlands",
    "code_pays": "nl",
    "titre": "Senior Java Developer",
    "description": "Senior Java Developer | Security-georiënteerde ketenapplicaties | Fullstack mindset & ownership Wil jij als doorgewinterde developer écht impact maken in een maatschappelijk relevante omgeving? Dan is dit jouw kans. Je werkt aan een ketenkritische applicatie waarin meerdere informatiesystemen van uiteenlopende instanties samenkomen. Deze applicatie speelt een sleutelrol in de operationele ondersteuning van professionals in een uiterst dynamisch domein. Als senior developer breng je niet alleen …",
    "secteur": "IT ICT vacatures",
    "skills": [
      "java"
    ],
    "techno_recherche": "java",
    "is_remote": false,
    "salaire_min": 84000,
    "salaire_max": 84000,
    "salaire_predicted": "0",
    "url": "https://www.adzuna.nl/details/5263686370?utm_medium=api&utm_source=03d8c83f",
    "date_collected": "20250704_1120"
  },
  {
    "pays": "Netherlands",
    "code_pays": "nl",
    "titre": "Fullstack Software Developer",
    "description": "Als fullstack software developer werk je binnen een dynamisch team aan de ontwikkeling en het onderhoud van een webapplicatie die van grote waarde is voor zowel collega's als burgers. Je bent verantwoordelijk voor zowel de backend (Java en Hippo/Bloomreach) als de frontend (Vue/Nuxt) en werkt nauw samen met een multidisciplinair scrumteam. Je draagt bij aan het gehele ontwikkeltraject, van concept tot productie, en je ideeën worden gewaardeerd. Je lost bugs op, bouwt nieuwe functionaliteiten en…",
    "secteur": "Bouwkunde vacatures",
    "skills": [
      "java"
    ],
    "techno_recherche": "java",
    "is_remote": false,
    "salaire_min": 42000,
    "salaire_max": 60000,
    "salaire_predicted": "0",
    "url": "https://www.adzuna.nl/details/5263031780?utm_medium=api&utm_source=03d8c83f",
    "date_collected": "20250704_1120"
  },
  {
    "pays": "Netherlands",
    "code_pays": "nl",
    "titre": "Senior Applicatieontwikkelaar (IBM BAW) | Low-Code Workflow Architect",
    "description": "Senior Applicatieontwikkelaar (IBM BAW) | Low-Code Workflow Architect | Agile DevOps Ben jij een ervaren ontwikkelaar met een passie voor slimme workflow-automatisering? Dan is dit jouw kans om het verschil te maken in een organisatie waar digitale transformatie volop in beweging is. In deze rol werk je aan het ontwikkelen, beheren en optimaliseren van procesapplicaties op het IBM Business Automation Workflow (BAW) platform — het kloppend hart van operationele procesbesturing. Als Senior Applic…",
    "secteur": "IT ICT vacatures",
    "skills": [],
    "techno_recherche": "java",
    "is_remote": false,
    "salaire_min": 72000,
    "salaire_max": 72000,
    "salaire_predicted": "0",
    "url": "https://www.adzuna.nl/details/5262515770?utm_medium=api&utm_source=03d8c83f",
    "date_collected": "20250704_1120"
  },
  {
    "pays": "Netherlands",
    "code_pays": "nl",
    "titre": "DevOps Java Engineer",
    "description": "DevOps Java Engineer | Bouw mee aan een digitaal fundament dat Nederland in beweging houdt Wil jij bouwen aan systemen die écht het verschil maken voor burgers, bedrijven én de samenleving? In deze rol werk je binnen een multidisciplinair scrumteam aan één van de meest impactvolle digitale oplossingen van dit moment. Als DevOps Java Engineer ben je verantwoordelijk voor het ontwerpen, ontwikkelen én onderhouden van betrouwbare en schaalbare softwarecomponenten. Je werkt met moderne technieken z…",
    "secteur": "IT ICT vacatures",
    "skills": [
      "java"
    ],
    "techno_recherche": "java",
    "is_remote": false,
    "salaire_min": 84000,
    "salaire_max": 84000,
    "salaire_predicted": "0",
    "url": "https://www.adzuna.nl/details/5261203761?utm_medium=api&utm_source=03d8c83f",
    "date_collected": "20250704_1120"
  },
  {
    "pays": "Netherlands",
    "code_pays": "nl",
    "titre": "Senior Java Kotlin Backend Engineer Utrecht",
    "description": "Vacature: Senior Java Kotlin Backend Engineer Utrecht Vind jij het ook gaaf om complexe automatiseringsvraagstukken op te lossen die écht verschil maken? Wil jij AI inzetten om je werk als software engineer slimmer en efficiënter te maken —denk aan het laten genereren van edge cases, tests schrijven, of razendsnel PoC’s bouwen? Werk jij het liefst met een klein, hecht team van senior JVM-experts die technisch en emotioneel scherp zijn? Zeg jij ja tegen 20 innovatiedagen, een €5.000 trainingsbud…",
    "secteur": "Unknown",
    "skills": [
      "java"
    ],
    "techno_recherche": "java",
    "is_remote": false,
    "salaire_min": 80000,
    "salaire_max": 100000,
    "salaire_predicted": "0",
    "url": "https://www.adzuna.nl/details/5259522958?utm_medium=api&utm_source=03d8c83f",
    "date_collected": "20250704_1120"
  },
  {
    "pays": "Netherlands",
    "code_pays": "nl",
    "titre": "Java/Kotlin Principal Backend Engineer Amsterdam",
    "description": "Vacature: Java/Kotlin Principal Backend Engineer Amsterdam Wil jij een technische kartrekker zijn in de ontwikkeling van een gloednieuw EdTech-product? Werk je graag inhouse aan een maatschappelijk relevant product dat impact maakt op het Nederlandse onderwijs? Lijkt het je gaaf om een compact team technisch te begeleiden, de architectuur te verbeteren en tegelijkertijd zelf mee te bouwen? Zeg jij 'ja' tegen full productownership , vrijheid in architectuurkeuzes en een salaris tot €110.000? Dan…",
    "secteur": "Unknown",
    "skills": [
      "java"
    ],
    "techno_recherche": "java",
    "is_remote": false,
    "salaire_min": 110000,
    "salaire_max": 110000,
    "salaire_predicted": "0",
    "url": "https://www.adzuna.nl/details/5259522944?utm_medium=api&utm_source=03d8c83f",
    "date_collected": "20250704_1120"
  },
  {
    "pays": "Netherlands",
    "code_pays": "nl",
    "titre": "Senior Full Stack Developer",
    "description": "Vacature: Senior Full Stack Developer – Bouw mee aan digitale toepassingen die ertoe doen Locatie: Hybride (Rotterdam op donderdag, Utrecht om de week op dinsdag) Ben jij een ervaren ontwikkelaar met een passie voor gebruiksvriendelijke digitale oplossingen? Wil je werken aan applicaties die direct bijdragen aan een beter toegankelijke en beheersbare leefomgeving? Dan is dit jouw kans om impact te maken binnen een multidisciplinair Agile-team. Wat ga je doen? Als Senior Full Stack Developer wer…",
    "secteur": "IT ICT vacatures",
    "skills": [],
    "techno_recherche": "java",
    "is_remote": false,
    "salaire_min": 84000,
    "salaire_max": 84000,
    "salaire_predicted": "0",
    "url": "https://www.adzuna.nl/details/5257622189?utm_medium=api&utm_source=03d8c83f",
    "date_collected": "20250704_1120"
  },
  {
    "pays": "Netherlands",
    "code_pays": "nl",
    "titre": "Java Developer",
    "description": "Werken als Java Developer in een klein team op 10 minuutjes van Amsterdam Centraal voor een goed salaris. Jij hebt direct impact op de innovatieve softwareoplossingen die wij ontwikkelen om ondernemers te ondersteunen. Dankzij de explosieve groei die we de afgelopen jaren hebben doorgemaakt, staan we nu klaar voor de volgende fase: verdere expansie, zowel in Nederland als in de Benelux. Bij DigiBoox kom je terecht in een team waar ondernemerschap, autonomie en innovatie centraal staan en waar v…",
    "secteur": "IT ICT vacatures",
    "skills": [
      "java"
    ],
    "techno_recherche": "java",
    "is_remote": false,
    "salaire_min": 65000,
    "salaire_max": 100000,
    "salaire_predicted": "0",
    "url": "https://www.adzuna.nl/details/5253308732?utm_medium=api&utm_source=03d8c83f",
    "date_collected": "20250704_1120"
  },
  {
    "pays": "Netherlands",
    "code_pays": "nl",
    "titre": "Medior Java Engineer",
    "description": "Wij zoeken een gedreven medior java software engineer die een passie heeft voor technologie in verschillende branches. Je hebt ervaring in het vakgebied en voelt je comfortabel in een professionele, klantgerichte omgeving. Daarbij ben je leergierig en wil je continu je vakinhoudelijke kennis verbreden. Als medior java software engineer werk je aan uiteenlopende projecten zoals bijvoorbeeld het automatiseren van stellingontwerpen of het optimaliseren van workflows in de voedselindustrie. Je bent…",
    "secteur": "IT ICT vacatures",
    "skills": [
      "java"
    ],
    "techno_recherche": "java",
    "is_remote": false,
    "salaire_min": 41508,
    "salaire_max": 41508,
    "salaire_predicted": "0",
    "url": "https://www.adzuna.nl/details/5248824611?utm_medium=api&utm_source=03d8c83f",
    "date_collected": "20250704_1120"
  },
  {
    "pays": "Netherlands",
    "code_pays": "nl",
    "titre": "Business Process Architect",
    "description": "Voor de Hyperautomation vestiging binnen Incentro zijn we op zoek naar een gemotiveerde en ervaren ( Camunda) Business Process Architect die met ons het team verder uit wil bouwen . Hyper Automation is een snel groeiende trend op de business en IT markt en wij groeien net zo snel mee. IT projecten en het ontwikkelen van software zijn voor jou geen onbekend terrein meer. Je wilt graag meehelpen de Hyperautomation cell van Incentro op de kaart te zetten en zorgen dat we d e beste oplossingen voor…",
    "secteur": "IT ICT vacatures",
    "skills": [],
    "techno_recherche": "java",
    "is_remote": false,
    "salaire_min": 48000,
    "salaire_max": 72000,
    "salaire_predicted": "0",
    "url": "https://www.adzuna.nl/details/5248824320?utm_medium=api&utm_source=03d8c83f",
    "date_collected": "20250704_1120"
  },
  {
    "pays": "Netherlands",
    "code_pays": "nl",
    "titre": "Frontend Developer - Retail Media",
    "description": "General information Organisation Headquarter The Netherlands Reference 2025-29664 Publication start date 06/06/2025 Publication date 16/06/2025 Job title (website) Frontend Developer - Retail Media Type of vacancy Job Contractual hours 32-40 Field of expertise Headquater Managerial position No Job description Working with and for a smile At Jumbo, our ambition is to be the most customer-oriented company. We want to surprise our customers and exceed expectations so they enjoy doing their shoppin…",
    "secteur": "IT ICT vacatures",
    "skills": [],
    "techno_recherche": "java",
    "is_remote": false,
    "salaire_min": 48000,
    "salaire_max": 69600,
    "salaire_predicted": "0",
    "url": "https://www.adzuna.nl/details/5242356614?utm_medium=api&utm_source=03d8c83f",
    "date_collected": "20250704_1120"
  },
  {
    "pays": "Netherlands",
    "code_pays": "nl",
    "titre": "Senior Front End Developer",
    "description": "Senior Front End Developer Global Retailer - Utrecht Netherlands The Company and Role Our client is a global retail company with over 15,000 stores under 10 retail brands in with over 130,000 employees worldwide. very year, we are serving over 6 billion shoppers via their technology-enabled platforms. Their unique strategy is more about creating an integrated experience to better serve customers’ needs through digital transformation, that enables them to shop across any channel, anytime, anywhe…",
    "secteur": "PR Reclame en Marketing vacatures",
    "skills": [],
    "techno_recherche": "java",
    "is_remote": false,
    "salaire_min": 72000,
    "salaire_max": 72000,
    "salaire_predicted": "0",
    "url": "https://www.adzuna.nl/details/5241287837?utm_medium=api&utm_source=03d8c83f",
    "date_collected": "20250704_1120"
  },
  {
    "pays": "Netherlands",
    "code_pays": "nl",
    "titre": "Senior Java Developer",
    "description": "Wat ga je doen als Senior Java Developer? Als Senior Java Developer speel je een cruciale rol in de ontwikkeling van onze backend-systemen. Jij leidt projecten: van het opstellen van softwarevereisten en architectuurontwerpen tot aan coderen, testen en uitrollen. Je werkt binnen een cross-functioneel team , gefocust op applicaties binnen ons betaalplatform, zoals iDEAL . Op dagelijkse basis houd jij je bezig met: Schrijven van schone en schaalbare code met oog voor bestaande systeemontwerpen. H…",
    "secteur": "IT ICT vacatures",
    "skills": [
      "java"
    ],
    "techno_recherche": "java",
    "is_remote": false,
    "salaire_min": 65000,
    "salaire_max": 75000,
    "salaire_predicted": "0",
    "url": "https://www.adzuna.nl/details/5240237424?utm_medium=api&utm_source=03d8c83f",
    "date_collected": "20250704_1120"
  },
  {
    "pays": "Netherlands",
    "code_pays": "nl",
    "titre": "Full-Stack Applicatieontwikkelaar – DevOps",
    "description": "Ben jij een ervaren full-stack ontwikkelaar met een passie voor Java en DevOps? Wil jij werken aan applicaties met een hoog vertrouwelijk karakter binnen een dynamisch team? Dan is deze uitdagende functie iets voor jou! Jouw rol als Full-Stack Applicatieontwikkelaar Als ontwikkelaar ben je een essentieel onderdeel van een DevOps-team binnen de afdeling Vertrouwelijke Informatie . Je werkt aan de ontwikkeling en optimalisatie van applicaties die cruciaal zijn voor de organisatie. Je zorgt ervoor…",
    "secteur": "IT ICT vacatures",
    "skills": [
      "java"
    ],
    "techno_recherche": "java",
    "is_remote": false,
    "salaire_min": 72000,
    "salaire_max": 72000,
    "salaire_predicted": "0",
    "url": "https://www.adzuna.nl/details/5239909846?utm_medium=api&utm_source=03d8c83f",
    "date_collected": "20250704_1120"
  },
  {
    "pays": "Netherlands",
    "code_pays": "nl",
    "titre": "Java developer",
    "description": "Ludicrous Dukes ontwikkelt en implementeert innovatieve ICT-oplossingen voor een breed scala aan klanten. Onze projecten variëren van complexe enterprise-oplossingen tot schaalbare cloudplatformen. De meeste van onze klanten bevinden zich in Nederland en zijn actief in uiteenlopende branches. Onze werkwijze kenmerkt zich door samenwerking, autonomie en een flinke dosis technisch vakmanschap. Wat ga jij doen als Java Developer bij Ludicrous Dukes? Als ervaren Java Developer werk je binnen ons de…",
    "secteur": "Vacatures Ander of Algemeen",
    "skills": [
      "java"
    ],
    "techno_recherche": "java",
    "is_remote": false,
    "salaire_min": 48000,
    "salaire_max": 84000,
    "salaire_predicted": "0",
    "url": "https://www.adzuna.nl/details/5236830411?utm_medium=api&utm_source=03d8c83f",
    "date_collected": "20250704_1120"
  },
  {
    "pays": "Netherlands",
    "code_pays": "nl",
    "titre": "Data Engineer",
    "description": "Algemene informatie Referentie 2025-5536 Werkgebied Standaard Functie IT - Devops Engineer Vacature naam Data Engineer Werkgebied IT, Digital & Data Introductie Are you a skilled Data Engineer with a passion for building robust data pipelines and transforming raw data into valuable insights? Functieomschrijving Are you a skilled Data Engineer with a passion for building robust data pipelines and transforming raw data into valuable insights? Data Engineer Fulltime Eindhoven As a Data Engineer, y…",
    "secteur": "Unknown",
    "skills": [],
    "techno_recherche": "java",
    "is_remote": false,
    "salaire_min": 50400,
    "salaire_max": 76800,
    "salaire_predicted": "0",
    "url": "https://www.adzuna.nl/details/5236017974?utm_medium=api&utm_source=03d8c83f",
    "date_collected": "20250704_1120"
  },
  {
    "pays": "Netherlands",
    "code_pays": "nl",
    "titre": "Junior DevOps Engineer",
    "description": "Junior DevOps Engineer AIVD Functieomschrijving Ben jij een enthousiaste en actieve junior DevOps Engineer die interesse heeft in applicatieontwikkeling en die zich graag in die richting wilt ontwikkelen? Kom jij bijdragen aan de veiligheid van data op onze netwerken en wil je helpen de vertrouwelijkheid van de AIVD te beschermen? Grijp die kans om jezelf te ontwikkelen tot een gespecialiseerd software developer. Een goede informatievoorziening is voor de Algemene Inlichtingen- en Veiligheidsdi…",
    "secteur": "Unknown",
    "skills": [],
    "techno_recherche": "java",
    "is_remote": false,
    "salaire_min": 40848,
    "salaire_max": 64668,
    "salaire_predicted": "0",
    "url": "https://www.adzuna.nl/land/ad/5234789963?se=fDSjirhY8BGqCIMQwFXQwA&utm_medium=api&utm_source=03d8c83f&v=02229DF69CC72113E3B12499E12592B579B17832",
    "date_collected": "20250704_1120"
  },
  {
    "pays": "Netherlands",
    "code_pays": "nl",
    "titre": "Java DevOps Engineer | Midlance",
    "description": "ONS VERHAAL RedBlue IT Professionals detacheert senior IT Professionals op projecten bij vooraanstaande organisaties in Nederland, Duitsland en Belgi . \"Red\" staat voor onze Oracle expertise en \"Blue\" staat voor SAP expertise. Sinds de overname door Oracle hoort Java daar ook bij. In 2008 werd RedBlue door Ron du Fijn en Raoul Zeilstra opgericht met het idee dat de samenwerking en beloning in de detachering anders, beter en leuker kon. Er werd gestart met het bedrijfsmodel waar geen uitgaven wo…",
    "secteur": "IT ICT vacatures",
    "skills": [
      "java"
    ],
    "techno_recherche": "java",
    "is_remote": false,
    "salaire_min": 90000,
    "salaire_max": 150000,
    "salaire_predicted": "0",
    "url": "https://www.adzuna.nl/details/5234747980?utm_medium=api&utm_source=03d8c83f",
    "date_collected": "20250704_1120"
  },
  {
    "pays": "Netherlands",
    "code_pays": "nl",
    "titre": "Oracle Cloud Database Administrator | Midlance",
    "description": "ONS VERHAAL RedBlue IT Professionals detacheert senior IT Professionals op projecten bij vooraanstaande organisaties in Nederland, Duitsland en Belgi . \"Red\" staat voor onze Oracle expertise en \"Blue\" staat voor SAP expertise. Sinds de overname door Oracle hoort Java daar ook bij. In 2008 werd RedBlue door Ron du Fijn en Raoul Zeilstra opgericht met het idee dat de samenwerking en beloning in de detachering anders, beter en leuker kon. Er werd gestart met het bedrijfsmodel waar geen uitgaven wo…",
    "secteur": "IT ICT vacatures",
    "skills": [
      "java"
    ],
    "techno_recherche": "java",
    "is_remote": false,
    "salaire_min": 90000,
    "salaire_max": 150000,
    "salaire_predicted": "0",
    "url": "https://www.adzuna.nl/details/5234747713?utm_medium=api&utm_source=03d8c83f",
    "date_collected": "20250704_1120"
  },
  {
    "pays": "Netherlands",
    "code_pays": "nl",
    "titre": "Oracle APEX Developer | Midlance",
    "description": "ONS VERHAAL RedBlue IT Professionals detacheert senior IT Professionals op projecten bij vooraanstaande organisaties in Nederland, Duitsland en Belgi . \"Red\" staat voor onze Oracle expertise en \"Blue\" staat voor SAP expertise. Sinds de overname door Oracle hoort Java daar ook bij. In 2008 werd RedBlue door Ron du Fijn en Raoul Zeilstra opgericht met het idee dat de samenwerking en beloning in de detachering anders, beter en leuker kon. Er werd gestart met het bedrijfsmodel waar geen uitgaven wo…",
    "secteur": "IT ICT vacatures",
    "skills": [
      "java"
    ],
    "techno_recherche": "java",
    "is_remote": false,
    "salaire_min": 90000,
    "salaire_max": 150000,
    "salaire_predicted": "0",
    "url": "https://www.adzuna.nl/details/5234747378?utm_medium=api&utm_source=03d8c83f",
    "date_collected": "20250704_1120"
  },
  {
    "pays": "Netherlands",
    "code_pays": "nl",
    "titre": "SAP Logistics Consultant | Midlance",
    "description": "ONS VERHAAL RedBlue IT Professionals detacheert senior IT Professionals op projecten bij vooraanstaande organisaties in Nederland, Duitsland en Belgi . \"Red\" staat voor onze Oracle expertise en \"Blue\" staat voor SAP expertise. Sinds de overname door Oracle hoort Java daar ook bij. In 2008 werd RedBlue door Ron du Fijn en Raoul Zeilstra opgericht met het idee dat de samenwerking en beloning in de detachering anders, beter en leuker kon. Er werd gestart met het bedrijfsmodel waar geen uitgaven wo…",
    "secteur": "IT ICT vacatures",
    "skills": [
      "java"
    ],
    "techno_recherche": "java",
    "is_remote": false,
    "salaire_min": 90000,
    "salaire_max": 150000,
    "salaire_predicted": "0",
    "url": "https://www.adzuna.nl/details/5234747317?utm_medium=api&utm_source=03d8c83f",
    "date_collected": "20250704_1120"
  },
  {
    "pays": "Netherlands",
    "code_pays": "nl",
    "titre": "SAP SuccessFactors Consultant | Midlance",
    "description": "ONS VERHAAL RedBlue IT Professionals detacheert senior IT Professionals op projecten bij vooraanstaande organisaties in Nederland, Duitsland en Belgi . \"Red\" staat voor onze Oracle expertise en \"Blue\" staat voor SAP expertise. Sinds de overname door Oracle hoort Java daar ook bij. In 2008 werd RedBlue door Ron du Fijn en Raoul Zeilstra opgericht met het idee dat de samenwerking en beloning in de detachering anders, beter en leuker kon. Er werd gestart met het bedrijfsmodel waar geen uitgaven wo…",
    "secteur": "IT ICT vacatures",
    "skills": [
      "java"
    ],
    "techno_recherche": "java",
    "is_remote": false,
    "salaire_min": 90000,
    "salaire_max": 150000,
    "salaire_predicted": "0",
    "url": "https://www.adzuna.nl/details/5234747304?utm_medium=api&utm_source=03d8c83f",
    "date_collected": "20250704_1120"
  },
  {
    "pays": "Netherlands",
    "code_pays": "nl",
    "titre": "SAP ABAP - Fiori/UI5 Developer | Midlance",
    "description": "ONS VERHAAL RedBlue IT Professionals detacheert senior IT Professionals op projecten bij vooraanstaande organisaties in Nederland, Duitsland en Belgi . \"Red\" staat voor onze Oracle expertise en \"Blue\" staat voor SAP expertise. Sinds de overname door Oracle hoort Java daar ook bij. In 2008 werd RedBlue door Ron du Fijn en Raoul Zeilstra opgericht met het idee dat de samenwerking en beloning in de detachering anders, beter en leuker kon. Er werd gestart met het bedrijfsmodel waar geen uitgaven wo…",
    "secteur": "IT ICT vacatures",
    "skills": [
      "java"
    ],
    "techno_recherche": "java",
    "is_remote": false,
    "salaire_min": 90000,
    "salaire_max": 150000,
    "salaire_predicted": "0",
    "url": "https://www.adzuna.nl/details/5234747315?utm_medium=api&utm_source=03d8c83f",
    "date_collected": "20250704_1120"
  },
  {
    "pays": "Netherlands",
    "code_pays": "nl",
    "titre": "Oracle Fusion Middleware Specialist | Midlance",
    "description": "ONS VERHAAL RedBlue IT Professionals detacheert senior IT Professionals op projecten bij vooraanstaande organisaties in Nederland, Duitsland en Belgi . \"Red\" staat voor onze Oracle expertise en \"Blue\" staat voor SAP expertise. Sinds de overname door Oracle hoort Java daar ook bij. In 2008 werd RedBlue door Ron du Fijn en Raoul Zeilstra opgericht met het idee dat de samenwerking en beloning in de detachering anders, beter en leuker kon. Er werd gestart met het bedrijfsmodel waar geen uitgaven wo…",
    "secteur": "IT ICT vacatures",
    "skills": [
      "java"
    ],
    "techno_recherche": "java",
    "is_remote": false,
    "salaire_min": 90000,
    "salaire_max": 150000,
    "salaire_predicted": "0",
    "url": "https://www.adzuna.nl/details/5234747321?utm_medium=api&utm_source=03d8c83f",
    "date_collected": "20250704_1120"
  },
  {
    "pays": "Netherlands",
    "code_pays": "nl",
    "titre": "Java Full Stack Developer | Midlance",
    "description": "ONS VERHAAL RedBlue IT Professionals detacheert senior IT Professionals op projecten bij vooraanstaande organisaties in Nederland, Duitsland en Belgi . \"Red\" staat voor onze Oracle expertise en \"Blue\" staat voor SAP expertise. Sinds de overname door Oracle hoort Java daar ook bij. In 2008 werd RedBlue door Ron du Fijn en Raoul Zeilstra opgericht met het idee dat de samenwerking en beloning in de detachering anders, beter en leuker kon. Er werd gestart met het bedrijfsmodel waar geen uitgaven wo…",
    "secteur": "IT ICT vacatures",
    "skills": [
      "java"
    ],
    "techno_recherche": "java",
    "is_remote": false,
    "salaire_min": 90000,
    "salaire_max": 150000,
    "salaire_predicted": "0",
    "url": "https://www.adzuna.nl/details/5234747318?utm_medium=api&utm_source=03d8c83f",
    "date_collected": "20250704_1120"
  },
  {
    "pays": "Netherlands",
    "code_pays": "nl",
    "titre": "Oracle Cloud Infrastructure Specialist | Midlance",
    "description": "ONS VERHAAL RedBlue IT Professionals detacheert senior IT Professionals op projecten bij vooraanstaande organisaties in Nederland, Duitsland en Belgi . \"Red\" staat voor onze Oracle expertise en \"Blue\" staat voor SAP expertise. Sinds de overname door Oracle hoort Java daar ook bij. In 2008 werd RedBlue door Ron du Fijn en Raoul Zeilstra opgericht met het idee dat de samenwerking en beloning in de detachering anders, beter en leuker kon. Er werd gestart met het bedrijfsmodel waar geen uitgaven wo…",
    "secteur": "IT ICT vacatures",
    "skills": [
      "java"
    ],
    "techno_recherche": "java",
    "is_remote": false,
    "salaire_min": 90000,
    "salaire_max": 150000,
    "salaire_predicted": "0",
    "url": "https://www.adzuna.nl/details/5234747319?utm_medium=api&utm_source=03d8c83f",
    "date_collected": "20250704_1120"
  },
  {
    "pays": "Netherlands",
    "code_pays": "nl",
    "titre": "SAP Financials Consultant | Midlance",
    "description": "ONS VERHAAL RedBlue IT Professionals detacheert senior IT Professionals op projecten bij vooraanstaande organisaties in Nederland, Duitsland en Belgi . \"Red\" staat voor onze Oracle expertise en \"Blue\" staat voor SAP expertise. Sinds de overname door Oracle hoort Java daar ook bij. In 2008 werd RedBlue door Ron du Fijn en Raoul Zeilstra opgericht met het idee dat de samenwerking en beloning in de detachering anders, beter en leuker kon. Er werd gestart met het bedrijfsmodel waar geen uitgaven wo…",
    "secteur": "IT ICT vacatures",
    "skills": [
      "java"
    ],
    "techno_recherche": "java",
    "is_remote": false,
    "salaire_min": 90000,
    "salaire_max": 150000,
    "salaire_predicted": "0",
    "url": "https://www.adzuna.nl/details/5234747312?utm_medium=api&utm_source=03d8c83f",
    "date_collected": "20250704_1120"
  },
  {
    "pays": "Netherlands",
    "code_pays": "nl",
    "titre": "Java Microservices Developer | Midlance",
    "description": "ONS VERHAAL RedBlue IT Professionals detacheert senior IT Professionals op projecten bij vooraanstaande organisaties in Nederland, Duitsland en Belgi . \"Red\" staat voor onze Oracle expertise en \"Blue\" staat voor SAP expertise. Sinds de overname door Oracle hoort Java daar ook bij. In 2008 werd RedBlue door Ron du Fijn en Raoul Zeilstra opgericht met het idee dat de samenwerking en beloning in de detachering anders, beter en leuker kon. Er werd gestart met het bedrijfsmodel waar geen uitgaven wo…",
    "secteur": "IT ICT vacatures",
    "skills": [
      "java"
    ],
    "techno_recherche": "java",
    "is_remote": false,
    "salaire_min": 90000,
    "salaire_max": 150000,
    "salaire_predicted": "0",
    "url": "https://www.adzuna.nl/details/5234747303?utm_medium=api&utm_source=03d8c83f",
    "date_collected": "20250704_1120"
  },
  {
    "pays": "Netherlands",
    "code_pays": "nl",
    "titre": "Oracle Cloud HCM Consultant | Midlance",
    "description": "ONS VERHAAL RedBlue IT Professionals detacheert senior IT Professionals op projecten bij vooraanstaande organisaties in Nederland, Duitsland en Belgi . \"Red\" staat voor onze Oracle expertise en \"Blue\" staat voor SAP expertise. Sinds de overname door Oracle hoort Java daar ook bij. In 2008 werd RedBlue door Ron du Fijn en Raoul Zeilstra opgericht met het idee dat de samenwerking en beloning in de detachering anders, beter en leuker kon. Er werd gestart met het bedrijfsmodel waar geen uitgaven wo…",
    "secteur": "IT ICT vacatures",
    "skills": [
      "java"
    ],
    "techno_recherche": "java",
    "is_remote": false,
    "salaire_min": 90000,
    "salaire_max": 150000,
    "salaire_predicted": "0",
    "url": "https://www.adzuna.nl/details/5234747274?utm_medium=api&utm_source=03d8c83f",
    "date_collected": "20250704_1120"
  },
  {
    "pays": "Netherlands",
    "code_pays": "nl",
    "titre": "Java Backend Developer | Midlance",
    "description": "ONS VERHAAL RedBlue IT Professionals detacheert senior IT Professionals op projecten bij vooraanstaande organisaties in Nederland, Duitsland en Belgi . \"Red\" staat voor onze Oracle expertise en \"Blue\" staat voor SAP expertise. Sinds de overname door Oracle hoort Java daar ook bij. In 2008 werd RedBlue door Ron du Fijn en Raoul Zeilstra opgericht met het idee dat de samenwerking en beloning in de detachering anders, beter en leuker kon. Er werd gestart met het bedrijfsmodel waar geen uitgaven wo…",
    "secteur": "IT ICT vacatures",
    "skills": [
      "java"
    ],
    "techno_recherche": "java",
    "is_remote": false,
    "salaire_min": 90000,
    "salaire_max": 150000,
    "salaire_predicted": "0",
    "url": "https://www.adzuna.nl/details/5234747030?utm_medium=api&utm_source=03d8c83f",
    "date_collected": "20250704_1120"
  },
  {
    "pays": "Netherlands",
    "code_pays": "nl",
    "titre": "SAP Analytics Cloud Consultant | Midlance",
    "description": "ONS VERHAAL RedBlue IT Professionals detacheert senior IT Professionals op projecten bij vooraanstaande organisaties in Nederland, Duitsland en Belgi . \"Red\" staat voor onze Oracle expertise en \"Blue\" staat voor SAP expertise. Sinds de overname door Oracle hoort Java daar ook bij. In 2008 werd RedBlue door Ron du Fijn en Raoul Zeilstra opgericht met het idee dat de samenwerking en beloning in de detachering anders, beter en leuker kon. Er werd gestart met het bedrijfsmodel waar geen uitgaven wo…",
    "secteur": "IT ICT vacatures",
    "skills": [
      "java"
    ],
    "techno_recherche": "java",
    "is_remote": false,
    "salaire_min": 90000,
    "salaire_max": 150000,
    "salaire_predicted": "0",
    "url": "https://www.adzuna.nl/details/5234747031?utm_medium=api&utm_source=03d8c83f",
    "date_collected": "20250704_1120"
  },
  {
    "pays": "Netherlands",
    "code_pays": "nl",
    "titre": "Senior Java Developer",
    "description": "Shape the future of HR Tech at scale At HeadFirst Group , we are redefining the flexible labour market with our platform Striive , connecting over 180,000 independent professionals, suppliers, and clients . From onboarding and matching to contracts, time tracking, and invoicing everything runs on Striive. The Opportunity As we prepare for rapid international expansion into the UK, US, and other markets , our platform must scale to support multi-region operations , complex compliance requirement…",
    "secteur": "IT ICT vacatures",
    "skills": [
      "java"
    ],
    "techno_recherche": "java",
    "is_remote": false,
    "salaire_min": 60000,
    "salaire_max": 88800,
    "salaire_predicted": "0",
    "url": "https://www.adzuna.nl/details/5232980425?utm_medium=api&utm_source=03d8c83f",
    "date_collected": "20250704_1120"
  },
  {
    "pays": "Netherlands",
    "code_pays": "nl",
    "titre": "Senior Data Engineer",
    "description": "Algemene informatie Referentie 2025-6576 Werkgebied Standaard Functie IT - Devops Engineer Vacature naam Senior Data Engineer Werkgebied IT, Digital & Data Introductie Are you a skilled Senior Data Engineer with a passion for building robust data pipelines and transforming raw data into valuable insights? Functieomschrijving Are you a skilled Senior Data Engineer with a passion for building robust data pipelines and transforming raw data into valuable insights? Senior Data Engineer Fulltime Ein…",
    "secteur": "Unknown",
    "skills": [],
    "techno_recherche": "java",
    "is_remote": false,
    "salaire_min": 84,
    "salaire_max": 67200,
    "salaire_predicted": "0",
    "url": "https://www.adzuna.nl/details/5232309598?utm_medium=api&utm_source=03d8c83f",
    "date_collected": "20250704_1120"
  },
  {
    "pays": "Netherlands",
    "code_pays": "nl",
    "titre": "Senior Java Developer Voorschoten",
    "description": "Jouw rol: Senior Java Developer Voorschoten Ben jij een engineer die voldoening haalt uit complexe domeinlogica, robuuste softwarekwaliteit en het idee dat jouw werk letterlijk levens beïnvloedt ? Wil je een sleutelrol spelen in de ontwikkeling van een nieuw missie-kritisch platform met complexe event-driven businesslogica , systeemintegratievraagstukken en end-to-end ownership (“you build it, you run it”)? Werk jij graag lekker 4x9 uur , waarbij je 2 dagen thuiswerkt en beschikt over 34 vakant…",
    "secteur": "Unknown",
    "skills": [
      "java"
    ],
    "techno_recherche": "java",
    "is_remote": false,
    "salaire_min": 75000,
    "salaire_max": 90000,
    "salaire_predicted": "0",
    "url": "https://www.adzuna.nl/details/5230240005?utm_medium=api&utm_source=03d8c83f",
    "date_collected": "20250704_1120"
  }
]