[
  {
    "pays": "Switzerland",
    "code_pays": "ch",
    "titre": "[CH] Senior Full Stack Engineer",
    "description": "WellD is looking for a Senior Full Stack Engineer to join its Engineering Team in Lugano. If you believe you have the right skills and mindset, here is some info about us and the kind of job we offer. Who we are WellD is a fast-growing company dedicated to custom software product development, with a strong focus on cutting-edge technology. Most importantly, we are a team of passionate, down-to-earth, and highly skilled developers and engineers. We value passion, an interest in technology, and a…",
    "secteur": "IT-Stellen",
    "skills": [],
    "techno_recherche": "react",
    "is_remote": false,
    "salaire_min": 150000,
    "salaire_max": 200000,
    "salaire_predicted": "0",
    "url": "https://www.adzuna.ch/details/5283121062?utm_medium=api&utm_source=03d8c83f",
    "date_collected": "20250704_1120"
  },
  {
    "pays": "Switzerland",
    "code_pays": "ch",
    "titre": "Senior FullStack ( C#.NET/JavaScript) Engineer (m/w/d)",
    "description": "Unser Kunde ist ein modernes Digital/Tech Unternehmen. Die Firma kreiert innovative Lösungen für externe Kunden aus den Bereichen Banking, Insurance, Government, Transport, Industrie und Retail. Mit drei Standorte in der Schweiz (Zürich, Bern, Basel), hybride Arbeitsmodelle und Liquid Arbeitspensum zählt die Firma zu den besten Arbeitgebern in der Schweiz. Zum nächstmöglichen Zeitpunkt suchen wir Dich als Senior FullStack ( C#.NET/JavaScript) Engineer (m/w/d). Arbeitsmodell: hybrid – 1-2 Tage i…",
    "secteur": "IT-Stellen",
    "skills": [],
    "techno_recherche": "react",
    "is_remote": false,
    "salaire_min": 150000,
    "salaire_max": 200000,
    "salaire_predicted": "0",
    "url": "https://www.adzuna.ch/details/5282124130?utm_medium=api&utm_source=03d8c83f",
    "date_collected": "20250704_1120"
  },
  {
    "pays": "Switzerland",
    "code_pays": "ch",
    "titre": "Senior Fullstack Engineer",
    "description": "Senior Fullstack Engineer - Revolutionize Clinical Trials with AI A Zürich-based startup is reinventing how biopharma companies run clinical trials by transforming fragmented, outdated tools into one intelligent, real-time platform powered by modern engineering and AI. Why you'll love this role : Tech that actually matters : Build infrastructure that accelerates life-saving treatments reaching patients faster. Full ownership, full stack : Hands-on role building clean UIs, scalable cloud systems…",
    "secteur": "IT-Stellen",
    "skills": [],
    "techno_recherche": "react",
    "is_remote": false,
    "salaire_min": 150000,
    "salaire_max": 200000,
    "salaire_predicted": "0",
    "url": "https://www.adzuna.ch/details/5281294275?utm_medium=api&utm_source=03d8c83f",
    "date_collected": "20250704_1120"
  },
  {
    "pays": "Switzerland",
    "code_pays": "ch",
    "titre": "Senior Backend Software Engineer",
    "description": "As a Senior Backend Software Engineer, you are responsible for the technical design and implementation of FNZ products, with a focus on process automation tools. You will collaborate with the team to identify opportunities for automation and implement solutions using technologies such as AI/ML, and cloud services for automation, document processing, analysis and translation. We seek talents with a strong engineering mindset, capable of designing scalable and efficient solutions, integrating cut…",
    "secteur": "IT-Stellen",
    "skills": [
      "ml"
    ],
    "techno_recherche": "react",
    "is_remote": false,
    "salaire_min": 150000,
    "salaire_max": 200000,
    "salaire_predicted": "0",
    "url": "https://www.adzuna.ch/details/5281294127?utm_medium=api&utm_source=03d8c83f",
    "date_collected": "20250704_1120"
  },
  {
    "pays": "Switzerland",
    "code_pays": "ch",
    "titre": "Lead Fullstack Engineer - GenAI",
    "description": "Our Direct to Consumer business is performing and growing strongly, which is why we are looking for a Senior Software Engineer to scale On’s online business to the next level. As an experienced engineer, you will be responsible to build, deploy, test and operate our digital infrastructure.In this role, you will play a critical part in developing, implementing, and maintaining a best-in-class conversational commerce solution that enhances our customer's shopping end-to-end journey. You will join…",
    "secteur": "IT-Stellen",
    "skills": [],
    "techno_recherche": "react",
    "is_remote": false,
    "salaire_min": 150000,
    "salaire_max": 200000,
    "salaire_predicted": "0",
    "url": "https://www.adzuna.ch/details/5281293808?utm_medium=api&utm_source=03d8c83f",
    "date_collected": "20250704_1120"
  },
  {
    "pays": "Switzerland",
    "code_pays": "ch",
    "titre": "Développeur Blockchain Solana H/F",
    "description": "INTRODUCTION: Dans Le Cadre D'une Mission, Nous Vous Proposons De Rejoindre Les Équipes D'une Structure En Pleine Croissance Active Dans Le Secteur De La Finance Décentralisée En Qualité De Concevoir et développer une solution permettant de bridger un stablecoin synthétique d'Ethereum vers Solana de manière sécurisée et efficace. Évaluer les solutions existantes (protocoles de bridge, wrapping, smart contracts, etc.) et proposer la meilleure approche technique. Développer et auditer les smart c…",
    "secteur": "IT-Stellen",
    "skills": [],
    "techno_recherche": "react",
    "is_remote": false,
    "salaire_min": 150000,
    "salaire_max": 200000,
    "salaire_predicted": "0",
    "url": "https://www.adzuna.ch/details/5281293702?utm_medium=api&utm_source=03d8c83f",
    "date_collected": "20250704_1120"
  },
  {
    "pays": "Switzerland",
    "code_pays": "ch",
    "titre": "Senior Full-stack Engineer",
    "description": "Do you want to operate at the cutting edge of AI, leading groundbreaking developments in AI safety and security for global impact? As a Senior Full-Stack Engineer at Lakera, you’ll join a fast-moving, highly collaborative team focused on building the foundational infrastructure for AI safety. You’ll take full ownership of projects, work across the stack, and directly shape both the product and the future of the company. If you thrive in ambiguity, crave autonomy, and are driven to make meaningf…",
    "secteur": "IT-Stellen",
    "skills": [],
    "techno_recherche": "react",
    "is_remote": false,
    "salaire_min": 150000,
    "salaire_max": 200000,
    "salaire_predicted": "0",
    "url": "https://www.adzuna.ch/details/5281293400?utm_medium=api&utm_source=03d8c83f",
    "date_collected": "20250704_1120"
  },
  {
    "pays": "Switzerland",
    "code_pays": "ch",
    "titre": "Co-Founder & Co-CTO",
    "description": "Important: This position is currently, and for the next 12 months, compensated in company stocks only. ABOUT US LocalBini is the go-to platform for cultural, fun or exclusive city Experiences across Europe with Locals. From a secret boutique shopping Experience with a gemologist, to wine-tasting with an expert sommelier, LocalBini.com features authentic city Experiences that people can book based on their interests (eg. art, architecture, foodie, nightlife, history etc.). Starting immediately o…",
    "secteur": "Beraterstellen",
    "skills": [],
    "techno_recherche": "react",
    "is_remote": false,
    "salaire_min": 150000,
    "salaire_max": 200000,
    "salaire_predicted": "0",
    "url": "https://www.adzuna.ch/details/5281293023?utm_medium=api&utm_source=03d8c83f",
    "date_collected": "20250704_1120"
  },
  {
    "pays": "Switzerland",
    "code_pays": "ch",
    "titre": "Global Reinsurance - Chief Underwriting Officer",
    "description": "Everest is a leading global reinsurance and insurance provider, operating for nearly 50 years through subsidiaries in the Europe, Bermuda, Canada, Singapore, US, Latin America and other territories. Our strengths include extensive product and distribution capabilities, a strong balance sheet, and an innovative culture. Throughout our history, Everest has maintained its discipline and focuses on creating long-term value through underwriting excellence and strong risk and capital management. But …",
    "secteur": "Stellen aus Buchhaltung & Finanzwesen",
    "skills": [],
    "techno_recherche": "react",
    "is_remote": false,
    "salaire_min": 150000,
    "salaire_max": 200000,
    "salaire_predicted": "0",
    "url": "https://www.adzuna.ch/details/5281293077?utm_medium=api&utm_source=03d8c83f",
    "date_collected": "20250704_1120"
  },
  {
    "pays": "Switzerland",
    "code_pays": "ch",
    "titre": "Développeur(se) Java",
    "description": "Assurer le maintien du niveau de qualité et de sécurité des systèmes. Apporter un support technique et méthodologique aux développeurs. Concevoir et évaluer des solutions informatiques. Identifier et communiquer sur les risques et problèmes, tout en fédérant les parties concernées pour rechercher des solutions. Accompagner la montée en compétences des développeurs sur les pratiques de qualité et de sécurité logicielle. Promouvoir la qualité logicielle au sein des équipes. S’intéresser à l’insta…",
    "secteur": "IT-Stellen",
    "skills": [
      "java"
    ],
    "techno_recherche": "react",
    "is_remote": false,
    "salaire_min": 125000,
    "salaire_max": 125000,
    "salaire_predicted": "0",
    "url": "https://www.adzuna.ch/details/5280131529?utm_medium=api&utm_source=03d8c83f",
    "date_collected": "20250704_1120"
  },
  {
    "pays": "Switzerland",
    "code_pays": "ch",
    "titre": "Frontend Developer - Basel",
    "description": "Frontend Developer - Social Networking Site - Basel, Switzerland (Tech stack: Frontend Developer, HTML, CSS, JavaScript, React, Redux, React Router, TypeScript, Cypress, Angular, VueJS, jQuery, Web, UI, UX, User Interface, User Experience, Front End, Frontend Developer) Our client is the world's largest social networking website, aiming to become the biggest site globally! Operating in 25 countries, their planned expansion for the next 12 months will add another 10 countries, doubling their wor…",
    "secteur": "IT-Stellen",
    "skills": [
      "react",
      "typescript",
      "angular"
    ],
    "techno_recherche": "react",
    "is_remote": false,
    "salaire_min": 100000,
    "salaire_max": 140000,
    "salaire_predicted": "0",
    "url": "https://www.adzuna.ch/details/5275918864?utm_medium=api&utm_source=03d8c83f",
    "date_collected": "20250704_1120"
  },
  {
    "pays": "Switzerland",
    "code_pays": "ch",
    "titre": "Lead Full-Stack SW Engineer & Partner (base salary & equity) - (Django & Flutter/React)",
    "description": "Lead Full-Stack SW Engineer & Partner (base salary & equity) - (Django & Flutter/React) Join to apply for the Lead Full-Stack SW Engineer & Partner (base salary & equity) - (Django & Flutter/React) role at Circleup Lead Full-Stack SW Engineer & Partner (base salary & equity) - (Django & Flutter/React) Join to apply for the Lead Full-Stack SW Engineer & Partner (base salary & equity) - (Django & Flutter/React) role at Circleup This range is provided by Circleup. Your actual pay will be based on …",
    "secteur": "IT-Stellen",
    "skills": [
      "react",
      "django"
    ],
    "techno_recherche": "react",
    "is_remote": false,
    "salaire_min": 150000,
    "salaire_max": 200000,
    "salaire_predicted": "0",
    "url": "https://www.adzuna.ch/details/5256347481?utm_medium=api&utm_source=03d8c83f",
    "date_collected": "20250704_1120"
  },
  {
    "pays": "Switzerland",
    "code_pays": "ch",
    "titre": "(Senior) Full Stack Engineer Java (a)",
    "description": "Unsere Kundin ist seit über zwei Jahrzehnten spezialisiert auf die Entwicklung massgeschneiderter Web-Applikationen und die Integration komplexer IT-Systeme. In enger Zusammenarbeit mit Kund:innen aus Verwaltung, Bildung, Sport, Medien und Energiewirtschaft entstehen qualitativ hochwertige Softwarelösungen, die rasch produktiv einsetzbar sind und echten Mehrwert schaffen. Ein modernes Büro im Herzen von Zürich, flexible Arbeitszeiten und ein engagiertes Team bieten optimale Voraussetzungen für …",
    "secteur": "IT-Stellen",
    "skills": [
      "java"
    ],
    "techno_recherche": "react",
    "is_remote": false,
    "salaire_min": 150000,
    "salaire_max": 200000,
    "salaire_predicted": "0",
    "url": "https://www.adzuna.ch/details/5256347470?utm_medium=api&utm_source=03d8c83f",
    "date_collected": "20250704_1120"
  },
  {
    "pays": "Switzerland",
    "code_pays": "ch",
    "titre": "Senior Fullstack JavaScript/TypeScript Developer",
    "description": "Formidable Care is focused on improving healthcare through innovative digital solutions. We are expanding our team with the opening of a new office in Switzerland and are looking for a Senior Fullstack JavaScript/TypeScript Developer to join us. This is an exciting opportunity to contribute to impactful projects that make a real difference in healthcare. We are committed to making healthcare more accessible, efficient, and user-friendly for millions of people. Role Overview As a Senior Fullstac…",
    "secteur": "IT-Stellen",
    "skills": [
      "typescript"
    ],
    "techno_recherche": "react",
    "is_remote": false,
    "salaire_min": 150000,
    "salaire_max": 200000,
    "salaire_predicted": "0",
    "url": "https://www.adzuna.ch/details/5256347455?utm_medium=api&utm_source=03d8c83f",
    "date_collected": "20250704_1120"
  },
  {
    "pays": "Switzerland",
    "code_pays": "ch",
    "titre": "Global Reinsurance - Chief Underwriting Officer",
    "description": "Join to apply for the Global Reinsurance - Chief Underwriting Officer role at Everest 1 week ago Be among the first 25 applicants Join to apply for the Global Reinsurance - Chief Underwriting Officer role at Everest Get AI-powered advice on this job and more exclusive features. Title: Global Reinsurance - Chief Underwriting Officer Company: Everest Reinsurance Company Job Category: Underwriting Job Description: About Everest Everest is a leading global reinsurance and insurance provider, operat…",
    "secteur": "Stellen aus Buchhaltung & Finanzwesen",
    "skills": [],
    "techno_recherche": "react",
    "is_remote": false,
    "salaire_min": 150000,
    "salaire_max": 200000,
    "salaire_predicted": "0",
    "url": "https://www.adzuna.ch/details/5250493441?utm_medium=api&utm_source=03d8c83f",
    "date_collected": "20250704_1120"
  },
  {
    "pays": "Switzerland",
    "code_pays": "ch",
    "titre": "Fullstack Software Engineer (m/w/x)",
    "description": "We are PastaHR , a fast-growing startup based in Zurich and help companies to hire deskless workers through chat (e.g. nurses, electricians, truck drivers, retail personnel, and thousands of other jobs). ‍‍‍⚕️‍ We are a Top 100 Swiss Startup and work with well-known enterprise customers in healthcare, retail, logistics, building services, etc. such as Coop , Siemens , Meier Tobler , Universitätsklinik Balgrist or Autogrill . As a Fullstack Engineer you'll join our team in the earliest days, hav…",
    "secteur": "Vertriebsstellen",
    "skills": [],
    "techno_recherche": "react",
    "is_remote": false,
    "salaire_min": 90000,
    "salaire_max": 110000,
    "salaire_predicted": "0",
    "url": "https://www.adzuna.ch/details/5220632157?utm_medium=api&utm_source=03d8c83f",
    "date_collected": "20250704_1120"
  },
  {
    "pays": "Switzerland",
    "code_pays": "ch",
    "titre": "Lead Blockchain Developer (DeFi Startup)",
    "description": "Join the Future of Crypto Investing! Are you passionate about blockchain, cryptocurrencies, and building revolutionary platforms? CRYLO® is a cutting-edge FinTech startup revolutionizing DeFi with Artificial Intelligence (AI) and Machine Learning (ML) algorithms. We are building a platform that simplifies crypto investing for the masses, from market analysis, to personalized crypto portfolio creation, and fully automated trading. Join this ambitious team as our Lead Blockchain Developer to shap…",
    "secteur": "IT-Stellen",
    "skills": [
      "ml"
    ],
    "techno_recherche": "react",
    "is_remote": false,
    "salaire_min": 70000,
    "salaire_max": 160000,
    "salaire_predicted": "0",
    "url": "https://www.adzuna.ch/details/5214215758?utm_medium=api&utm_source=03d8c83f",
    "date_collected": "20250704_1120"
  },
  {
    "pays": "Switzerland",
    "code_pays": "ch",
    "titre": "Full Stack Developer (React/Node.js) (80-100%)",
    "description": "Join Yoordi as a Full Stack Developer (React/Node.js) and take the future of hospitality to the next level! Are you a developer who loves innovative solutions and wants to develop scalable applications? Then we are looking for you to help us drive the digital transformation of the hospitality industry! About Yoordi Yoordi is an innovative SaaS HospitalityTech startup based in Zurich, specializing in the development of a leading all-in-one system for the hospitality industry. Our goal is to prov…",
    "secteur": "IT-Stellen",
    "skills": [
      "react",
      "node"
    ],
    "techno_recherche": "react",
    "is_remote": false,
    "salaire_min": 65000,
    "salaire_max": 100000,
    "salaire_predicted": "0",
    "url": "https://www.adzuna.ch/details/5190159888?utm_medium=api&utm_source=03d8c83f",
    "date_collected": "20250704_1120"
  },
  {
    "pays": "Switzerland",
    "code_pays": "ch",
    "titre": "Senior Software-Entwickler:in/-Architekt:in (60%-100%)",
    "description": "Software für Menschen. Entwickelt von Menschen. Wir sind eine selbstorganisierte Full Service Digitalagentur aus Bern. In der DNA von Zeilenwerk verbinden sich Leidenschaft für holistisches Design und moderne Technologien zur nachhaltigen Lösung von Problemen. Als komplett selbstorganisiertes und mitarbeitergeführtes Unternehmen sind wir stetig darin investiert, ein für uns passendes Arbeitsumfeld zu schaffen. Unser über viele Jahre entstandenes und weiterentwickeltes Company Operating System h…",
    "secteur": "IT-Stellen",
    "skills": [],
    "techno_recherche": "react",
    "is_remote": false,
    "salaire_min": 105000,
    "salaire_max": 120000,
    "salaire_predicted": "0",
    "url": "https://www.adzuna.ch/details/5091051911?utm_medium=api&utm_source=03d8c83f",
    "date_collected": "20250704_1120"
  },
  {
    "pays": "Switzerland",
    "code_pays": "ch",
    "titre": "Senior Frontend & Full Stack Developer (Tailwind, Elixir, PHP, Typescript)",
    "description": "About Seriously We're a hands-on digital team in Zürich that turns complex ideas into real solutions. Since 2010, we've been both advisors and builders - helping businesses figure out what they need, then actually building it. Having deep roots in the startup ecosystem, we know what it takes to build successful products and companies from the ground up. Whether it's a sophisticated web platform or custom software, we bring founder-level thinking to every project!  The Role We're looking for a S…",
    "secteur": "IT-Stellen",
    "skills": [
      "typescript"
    ],
    "techno_recherche": "react",
    "is_remote": false,
    "salaire_min": 96000,
    "salaire_max": 120000,
    "salaire_predicted": "0",
    "url": "https://www.adzuna.ch/details/5091047167?utm_medium=api&utm_source=03d8c83f",
    "date_collected": "20250704_1120"
  },
  {
    "pays": "Switzerland",
    "code_pays": "ch",
    "titre": "Fullstack Developer (80-100%) - Remote/Hybrid/On-site",
    "description": "Solarstream is building the central working interface for solar installations in Switzerland. Our software automates document and file management, enhances customer and partner communication, and provides clear project status overviews. As our first full-time developer hire, you'll join our technical co-founder in driving our mission to make solar installations more efficient and error-free, directly contributing to environmental sustainability through technology. Tasks Manage server infrastruc…",
    "secteur": "IT-Stellen",
    "skills": [],
    "techno_recherche": "react",
    "is_remote": true,
    "salaire_min": 90000,
    "salaire_max": 120000,
    "salaire_predicted": "0",
    "url": "https://www.adzuna.ch/details/5091046274?utm_medium=api&utm_source=03d8c83f",
    "date_collected": "20250704_1120"
  },
  {
    "pays": "Switzerland",
    "code_pays": "ch",
    "titre": "Full Stack DevOps Software Engineer für Cloud Projekte",
    "description": "WIR suchen DICH! Hast du Freude moderne skalierbare Cloud Native Applikationen zu entwickeln? ja! Bist du gerne flexibel zwischen Home Office und vor Ort? ja! Kennst du dich in Frontend(Angular/React) wie auch Backend(Java, Spring Boot ) aus? ja! Möchtest du beteiligt sein am Erfolg vom Projekt und Unternehmen? ja! Übernimmst du gerne Verantwortung für Konzeption, Umsetzung und Qualität von kundenspezifischen Software Lösungen? ja! Möchtest du mehrere Firmen und Brachen kennenlernen wo du abwec…",
    "secteur": "Unknown",
    "skills": [
      "java",
      "react",
      "angular"
    ],
    "techno_recherche": "react",
    "is_remote": false,
    "salaire_min": 70000,
    "salaire_max": 150000,
    "salaire_predicted": "0",
    "url": "https://www.adzuna.ch/details/5091031994?utm_medium=api&utm_source=03d8c83f",
    "date_collected": "20250704_1120"
  },
  {
    "pays": "Switzerland",
    "code_pays": "ch",
    "titre": "VP of Engineering",
    "description": "At TechBiz Global, we’re more than just a recruitment and software development company — we’re aGerman based global partner dedicated to your business success. With a diverse, distributed team, we specialize in IT recruitment, outstaffing, outsourcing, software development, and consulting services for more than 100 clients around over 20 countries. At TechBiz Global, we are providing recruitment service to our TOP clients from our portfolio. We are currently seeking a VP of Engineering to join …",
    "secteur": "Unknown",
    "skills": [],
    "techno_recherche": "react",
    "is_remote": false,
    "salaire_min": 150000,
    "salaire_max": 150000,
    "salaire_predicted": "0",
    "url": "https://www.adzuna.ch/details/5048283551?utm_medium=api&utm_source=03d8c83f",
    "date_collected": "20250704_1120"
  }
]