[
  {
    "pays": "Germany",
    "code_pays": "de",
    "titre": "CRM / BI Specialist Salesforce (m/w/d)",
    "description": "Wer wir sind Bei hansetherm sind wir die Vorreiter einer nachhaltigen Energiezukunft. Als Hamburger Start-up sind wir fest entschlossen, die Energiewende mitzugestalten und zu beschleunigen. Mit unserer Eigenmarke bieten wir nicht nur zuverlässige Produkte an, sondern entwickeln auch maßgeschneiderte Lösungen für eine grünere Zukunft. Unser gesamtes Team brennt dafür, die Welt zu verändern und die Energiebranche zu revolutionieren. Um diese Vision zu erreichen, suchen wir ab sofort eine engagie…",
    "secteur": "Unknown",
    "skills": [],
    "techno_recherche": "java",
    "is_remote": false,
    "salaire_min": 50000,
    "salaire_max": 65000,
    "salaire_predicted": "0",
    "url": "https://www.adzuna.de/details/5283171415?utm_medium=api&utm_source=03d8c83f",
    "date_collected": "20250704_1120"
  },
  {
    "pays": "Germany",
    "code_pays": "de",
    "titre": "Senior Development Engineer Java EE – Microservices (f/m/x)",
    "description": "Salary: 50.000 - 70.000 € per year Requirements: Degree in STEM / economics or a similar qualification Excellent working knowledge of common Java-APIs, frameworks like Spring (Boot), Hibernate and (a)synchronous protocols (HTTP/Rest, Kafka) Experienced in using build tools, CI/CD processes in Azure and version control systems Practical know-how in test automation (implementation / operation) and in agile software development (Scrum) with current technologies Structured, goal- and solution-orien…",
    "secteur": "IT-Stellen",
    "skills": [
      "java",
      "azure"
    ],
    "techno_recherche": "java",
    "is_remote": false,
    "salaire_min": 50000,
    "salaire_max": 70000,
    "salaire_predicted": "0",
    "url": "https://www.adzuna.de/details/5282859970?utm_medium=api&utm_source=03d8c83f",
    "date_collected": "20250704_1120"
  },
  {
    "pays": "Germany",
    "code_pays": "de",
    "titre": "Solution Architect MES (m/w/d)",
    "description": "Salary: 40.000 - 65.000 € per year Requirements: • Erfolgreich abgeschlossenes Studium, idealerweise mit einem der Schwerpunkte Wirtschaftsinformatik, Automatisierungstechnik, Fertigung oder Betriebswirtschaft, alternativ vergleichbare praktische Erfahrungen • Mehrjährige Berufserfahrung im Consulting oder Projektmanagement, vorzugsweise in den Bereichen Fertigung, Automatisierung, Maschinenanbindung oder Softwareentwicklung im MES-Umfeld • Idealerweise Kenntnisse von MES Standards (ISA-S95, S8…",
    "secteur": "IT-Stellen",
    "skills": [],
    "techno_recherche": "java",
    "is_remote": false,
    "salaire_min": 40000,
    "salaire_max": 65000,
    "salaire_predicted": "0",
    "url": "https://www.adzuna.de/details/5282859841?utm_medium=api&utm_source=03d8c83f",
    "date_collected": "20250704_1120"
  },
  {
    "pays": "Germany",
    "code_pays": "de",
    "titre": "Java Fullstack Entwickler",
    "description": "Salary: 60.000 - 80.000 € per year Requirements: Fachlicher Background: Sie verfügen über Berufserfahrung im Umfeld von automatisierten Softwaretests, ein abgeschlossenes Studium der (Wirtschafts-)informatik oder eine vergleichbare Ausbildung Sie bringen gute Kenntnisse objektorientierter Programmiersprachen (insbesondere Java), Datenbanksprachen sowie Erfahrungen mit Standard Testwerkzeugen mit (z.B. Selenium, Squish, Xray, Jira, Confluence) Sie können Erfahrungen in der Softwareentwicklung un…",
    "secteur": "IT-Stellen",
    "skills": [
      "java"
    ],
    "techno_recherche": "java",
    "is_remote": false,
    "salaire_min": 60000,
    "salaire_max": 80000,
    "salaire_predicted": "0",
    "url": "https://www.adzuna.de/details/5282859876?utm_medium=api&utm_source=03d8c83f",
    "date_collected": "20250704_1120"
  },
  {
    "pays": "Germany",
    "code_pays": "de",
    "titre": "Technical Product Owner SaaS (f/m/d)",
    "description": "Salary: 70.000 - 90.000 € per year Requirements: • Several years of experience as Product Owner in an agile development environment • Agile mindset and experience working with stakeholders and teams, as the core customers are internal development teams • Proven software development experience with one or more general purpose programming languages including but not limited to: Java, C/C++, Python, TypeScript or Go • Experience and understanding of SaaS business • Technical understanding for larg…",
    "secteur": "IT-Stellen",
    "skills": [
      "python",
      "java",
      "typescript"
    ],
    "techno_recherche": "java",
    "is_remote": false,
    "salaire_min": 70000,
    "salaire_max": 90000,
    "salaire_predicted": "0",
    "url": "https://www.adzuna.de/details/5282859927?utm_medium=api&utm_source=03d8c83f",
    "date_collected": "20250704_1120"
  },
  {
    "pays": "Germany",
    "code_pays": "de",
    "titre": "Senior Frontend Entwickler (w/m/d)",
    "description": "Salary: 65.000 - 85.000 € per year Requirements: Bist du bereit, die Zukunft der Prozess- und Wissensautomatisierung im Steuerberatungsumfeld mitzugestalten? Dann bist du bei milia GmbH genau richtig! Wir suchen einen erfahrenen React Entwickler (w/m/d), der unser dynamisches Team verstärkt und unsere führende milia.io Plattform auf das nächste Level hebt.  Deine spannenden Aufgaben: Weiterentwicklung der Web- und mobile apps für unsere zukunftsweisende milia.io Plattform Aktive Mitgestaltung u…",
    "secteur": "IT-Stellen",
    "skills": [
      "react"
    ],
    "techno_recherche": "java",
    "is_remote": false,
    "salaire_min": 65000,
    "salaire_max": 85000,
    "salaire_predicted": "0",
    "url": "https://www.adzuna.de/details/5282859954?utm_medium=api&utm_source=03d8c83f",
    "date_collected": "20250704_1120"
  },
  {
    "pays": "Germany",
    "code_pays": "de",
    "titre": "Dev Engineer – Java Microservices (w/m/d) - Nürnberg",
    "description": "Salary: 60.000 - 85.000 € per year Requirements: • Abgeschlossenes Studium mit Schwerpunkt (Wirtschafts-)Informatik oder eine vergleichbare Ausbildung (z. B. Fachinformatik) bzw. Qualifikation • Erfahrungen in der Softwareentwicklung (Frontend und/oder Backend) und den Prinzipien von Softwaredesign, insbesondere im Bereich Microservices / SCS • Praxis mit CI/CD, REST und Clean Code • Tech Stack: Java EE, Spring (Boot), Hibernate, Apache Kafka, ELK, Azure DevOps, Red Hat OpenShift (Kubernetes) •…",
    "secteur": "IT-Stellen",
    "skills": [
      "java",
      "azure",
      "kubernetes"
    ],
    "techno_recherche": "java",
    "is_remote": false,
    "salaire_min": 60000,
    "salaire_max": 85000,
    "salaire_predicted": "0",
    "url": "https://www.adzuna.de/details/5282859965?utm_medium=api&utm_source=03d8c83f",
    "date_collected": "20250704_1120"
  },
  {
    "pays": "Germany",
    "code_pays": "de",
    "titre": "IoT Backend Developer",
    "description": "Salary: 55.000 - 85.000 € per year Requirements: Erfolgreich abgeschlossenes Studium der Informatik, Mathematik, Naturwissenschaften oder Ingenieurwissenschaften mit Schwerpunkt Softwareentwicklung Kenntnisse in der Softwareentwicklung in Java, JavaScript / Node.js, , SQL / noSQL Datenbanken und Cloud Computing (Azure, AWS) Grundlegende Erfahrung in Web-Technologien wie JavaEE, Spring, Websocket und Event-Driven Architectures (MQTT, AMQP, Apache Kafka) Kenntnisse in Continuous Integration and D…",
    "secteur": "IT-Stellen",
    "skills": [
      "java",
      "sql",
      "aws",
      "node",
      "azure"
    ],
    "techno_recherche": "java",
    "is_remote": false,
    "salaire_min": 55000,
    "salaire_max": 85000,
    "salaire_predicted": "0",
    "url": "https://www.adzuna.de/details/5282859857?utm_medium=api&utm_source=03d8c83f",
    "date_collected": "20250704_1120"
  },
  {
    "pays": "Germany",
    "code_pays": "de",
    "titre": "(Senior) FullStack Software Engineer (m/w/d)",
    "description": "Salary: 65.000 - 100.000 € per year Requirements: • A degree in Computer Science or a related field • Solid knowledge of an object-oriented programming language, particularly .NET C# (Java knowledge is also welcome) • Experience with design patterns, web frameworks, HTML5, and CSS • Interest in financial topics and capital markets, ideally with investment experience • Very good English skills Responsibilities: As a Fullstack Software Developer (m/f/d), you’ll shape the most advanced FinTech ass…",
    "secteur": "IT-Stellen",
    "skills": [
      "java"
    ],
    "techno_recherche": "java",
    "is_remote": false,
    "salaire_min": 65000,
    "salaire_max": 100000,
    "salaire_predicted": "0",
    "url": "https://www.adzuna.de/details/5282859914?utm_medium=api&utm_source=03d8c83f",
    "date_collected": "20250704_1120"
  },
  {
    "pays": "Germany",
    "code_pays": "de",
    "titre": "Lead Consultant/Architect - Data & Analytics",
    "description": "Salary: 80.000 - 90.000 € per year Requirements: Dir macht es Spaß interdisziplinär im Business und IT Bereichen tätig zu sein Du liebst Herausforderungen und entwickelst daraus intelligente Lösungen Du hast Spaß daran Mitarbeiter und Kunden für Dich zu gewinnen Du hast eine „hands-on“ Mentalität, bist ein Team-Player, der sehr gerne Wissen teilt und sich selbst Wissen aneignet Du hast fundierte technische Kenntnisse und/oder Architekturwissen in Microsoft SQL Server, Power BI, Microsoft Azure …",
    "secteur": "IT-Stellen",
    "skills": [
      "sql",
      "azure"
    ],
    "techno_recherche": "java",
    "is_remote": false,
    "salaire_min": 80000,
    "salaire_max": 90000,
    "salaire_predicted": "0",
    "url": "https://www.adzuna.de/details/5282859834?utm_medium=api&utm_source=03d8c83f",
    "date_collected": "20250704_1120"
  },
  {
    "pays": "Germany",
    "code_pays": "de",
    "titre": "Senior Softwareentwickler (m/w/d)-Frontend - Hamburg",
    "description": "Salary: 55.000 - 90.000 € per year Requirements: Abgeschlossenes Studium mit MINT-Schwerpunkt oder vergleichbare Ausbildung, Mindestens 3 Jahre Berufserfahrung als Softwareentwickler, Erfahrung mit Requirements-Engineering, Konzeption und Dokumentation, Strukturierte Arbeitsweise mit hohem Qualitätsanspruch an die eigene Arbeit, Eigeninitiative und Hands-on Mentalität, Ein selbstbewusstes Auftreten auf allen Hierarchieebenen, Sehr gute Sprachkenntnisse in Deutsch, Und darüber hinaus? Überzeugst…",
    "secteur": "IT-Stellen",
    "skills": [],
    "techno_recherche": "java",
    "is_remote": false,
    "salaire_min": 55000,
    "salaire_max": 90000,
    "salaire_predicted": "0",
    "url": "https://www.adzuna.de/details/5282859881?utm_medium=api&utm_source=03d8c83f",
    "date_collected": "20250704_1120"
  },
  {
    "pays": "Germany",
    "code_pays": "de",
    "titre": "Softwareentwickler (Mensch)",
    "description": "Salary: 40.000 - 55.000 € per year Requirements: Dein Mindset - Folgendes solltest du mitbringen Fundierte Erfahrung mit objektorientierter Modellierung und Programmiersprachen (bspw. Java/C#/) Grundlegende Kenntnisse in Datenbanken und Schnittstellentechnologien sind von Vorteil Ebenfalls vorteilhaft sind Grundlagen im Bereich Server-Administration und Netzwerk/Firewall Hohe Abstraktions- und Analysefähigkeiten Fachliches und inhaltliches Interesse an Planung und Optimierung, sowie die Fähigke…",
    "secteur": "IT-Stellen",
    "skills": [
      "java"
    ],
    "techno_recherche": "java",
    "is_remote": false,
    "salaire_min": 40000,
    "salaire_max": 55000,
    "salaire_predicted": "0",
    "url": "https://www.adzuna.de/details/5282859911?utm_medium=api&utm_source=03d8c83f",
    "date_collected": "20250704_1120"
  },
  {
    "pays": "Germany",
    "code_pays": "de",
    "titre": "SAP ABAP Professional Developer (w/m/d)",
    "description": "Salary: 70.000 - 95.000 € per year Requirements: ▪ Abgeschlossenes Studium der Informatik, Wirtschaftsinformatik oder eine Berufsausbildung in Kombination mit entsprechender Berufserfahrung ▪ Gerne auch Quereinsteiger mit Erfahrung und MINT-Background ▪ Fähigkeit, Anforderungen selbständig zu analysieren und zu bearbeiten ▪ Hohe Leistungsbereitschaft und Kundenorientierung ▪ Eigenmotivation, Teamfähigkeit und Flexibilität ▪ Sehr gute Deutsch- und Englischkenntnisse – Wort und Schrift ▪ Sehr gut…",
    "secteur": "IT-Stellen",
    "skills": [],
    "techno_recherche": "java",
    "is_remote": false,
    "salaire_min": 70000,
    "salaire_max": 95000,
    "salaire_predicted": "0",
    "url": "https://www.adzuna.de/details/5282859840?utm_medium=api&utm_source=03d8c83f",
    "date_collected": "20250704_1120"
  },
  {
    "pays": "Germany",
    "code_pays": "de",
    "titre": "Softwareentwickler / Developer Java (m/w/d) -Burghausen",
    "description": "Salary: 30.000 - 50.000 € per year Requirements: • Studienabschluss der Informatik, Elektrotechnik oder eines anderen IT-nahen Studiengangs; alternativ abgeschlossene vergleichbare Ausbildung • Erfahrung als Softwareentwickler (m/w/d) in der objektorientierten Programmierung sowie in Continuous Delivery, automatisiertem Testen und SCRUM • Programmierkenntnisse in Java sowie Erfahrung mit Spring • Gute Deutsch- und Englischkenntnisse in Wort und Schrift • Spaß an der gemeinsamen Softwareentwickl…",
    "secteur": "IT-Stellen",
    "skills": [
      "java"
    ],
    "techno_recherche": "java",
    "is_remote": false,
    "salaire_min": 30000,
    "salaire_max": 50000,
    "salaire_predicted": "0",
    "url": "https://www.adzuna.de/details/5282859845?utm_medium=api&utm_source=03d8c83f",
    "date_collected": "20250704_1120"
  },
  {
    "pays": "Germany",
    "code_pays": "de",
    "titre": "Senior Azure Cloud Architect",
    "description": "Salary: 85.000 - 125.000 € per year Requirements: Hands-on experience with Azure from successfully implemented projects Experience with leading a technical team - providing guidance to your colleagues in the project DevSecOps or SRE 'toolkit' and mindset CI/CD and Terraform knowledge Coding/scripting skills (PowerShell, Python, C#, Java, ) Broad infrastructure and security knowledge Knowledge of container technologies (Kubernetes, Docker, container related services) Fluent communication skills …",
    "secteur": "IT-Stellen",
    "skills": [
      "python",
      "java",
      "docker",
      "azure",
      "kubernetes"
    ],
    "techno_recherche": "java",
    "is_remote": false,
    "salaire_min": 85000,
    "salaire_max": 125000,
    "salaire_predicted": "0",
    "url": "https://www.adzuna.de/details/5282859905?utm_medium=api&utm_source=03d8c83f",
    "date_collected": "20250704_1120"
  },
  {
    "pays": "Germany",
    "code_pays": "de",
    "titre": "Entwickler Datenbanken und ERP-Systeme (m/w/d)",
    "description": "Salary: 55.000 - 60.000 € per year Requirements: Abgeschlossene Berufs­ausbildung zum / zur Fach­informatiker*in, abgeschlossenes Studium der (Wirtschafts-)Infor­matik oder ander­weitige Qualifi­zierung im Bereich IT Fort­geschrittene Kennt­nisse im Umgang mit MS SQL, HTML und Java­script sowie Berufs­erfahrung in der Web- oder Software­entwicklung Umfang­reiche Excel-Kennt­nisse Eigen­verant­wortliche und strukturierte Arbeits­weise sowie team­orientiertes Handeln Sie können bei uns auch mit w…",
    "secteur": "IT-Stellen",
    "skills": [
      "java",
      "sql"
    ],
    "techno_recherche": "java",
    "is_remote": false,
    "salaire_min": 55000,
    "salaire_max": 60000,
    "salaire_predicted": "0",
    "url": "https://www.adzuna.de/details/5282859874?utm_medium=api&utm_source=03d8c83f",
    "date_collected": "20250704_1120"
  },
  {
    "pays": "Germany",
    "code_pays": "de",
    "titre": "Data Engineers (w/m/d)",
    "description": "Salary: 50.000 - 60.000 € per year Requirements: Dir macht es Spaß interdisziplinär im Business und IT Bereichen tätig zu sein Du liebst Herausforderungen und entwickelst daraus intelligente Lösungen Du hast eine „hands on“ Mentalität, bist ein Team-Player der sehr gerne Wissen teilt und sich immer wieder neues Wissen aneignet Du hast mindestens 3 Jahre Erfahrung im Bereich Data Engineering mittels SQL, Spark, Data Lakes,  Du hast fundierte Kenntnisse im Bereich Cloud Plattformen (vorzugsweise …",
    "secteur": "IT-Stellen",
    "skills": [
      "sql"
    ],
    "techno_recherche": "java",
    "is_remote": false,
    "salaire_min": 50000,
    "salaire_max": 60000,
    "salaire_predicted": "0",
    "url": "https://www.adzuna.de/details/5282859833?utm_medium=api&utm_source=03d8c83f",
    "date_collected": "20250704_1120"
  },
  {
    "pays": "Germany",
    "code_pays": "de",
    "titre": "Senior Java SE Developer (m/w/d)",
    "description": "Salary: 60.000 - 75.000 € per year Requirements: Du hast sehr gute JAVA SE Coding Kenntnisse und bist auch versiert in der objektorientierten Programmierung Du kennst dich mit SQL aus (Firebird, MSSql, PostgreSQL, MySQL) Für die Kommunikation im Team sind sehr gute Deutsch- und Englischkenntnisse notwendig (B2) Idealerweise bringst du auch Erfahrung im Umgang mit Jasper Reports, Spring Boot/Spring Data JPA, JUnit, Active MQ und/oder Swagger/Open API mit Du legst Wert auf einen guten Teamspirit …",
    "secteur": "IT-Stellen",
    "skills": [
      "java",
      "sql"
    ],
    "techno_recherche": "java",
    "is_remote": false,
    "salaire_min": 60000,
    "salaire_max": 75000,
    "salaire_predicted": "0",
    "url": "https://www.adzuna.de/details/5282859860?utm_medium=api&utm_source=03d8c83f",
    "date_collected": "20250704_1120"
  },
  {
    "pays": "Germany",
    "code_pays": "de",
    "titre": "System Engineer Linux (m/w/d)",
    "description": "Salary: 60.000 - 85.000 € per year Requirements: ▪ Erfolgreich abgeschlossenes technisches oder naturwissenschaftliches Studium oder Abschluss einer IT-Ausbildung ▪ 3 Jahre Berufserfahrung im Bereich der Linux-Systemadministration ▪ Sicherer Umgang mit der Kommandozeile und dem Betriebssystem Linux (CentOS, RHEL und Debian) ▪ Sehr gute Kenntnisse in MySQL-Datenbanken und in der Konfiguration von Replikationen und Clustern ▪ Fundiertes Know-how der gängigen Open Source-Software wie z.B. Apache/N…",
    "secteur": "IT-Stellen",
    "skills": [],
    "techno_recherche": "java",
    "is_remote": false,
    "salaire_min": 60000,
    "salaire_max": 85000,
    "salaire_predicted": "0",
    "url": "https://www.adzuna.de/details/5282859935?utm_medium=api&utm_source=03d8c83f",
    "date_collected": "20250704_1120"
  },
  {
    "pays": "Germany",
    "code_pays": "de",
    "titre": "Senior Softwareentwickler (m/w/d) - Stuttgart",
    "description": "Salary: 55.000 - 90.000 € per year Requirements: Hiermit kommst Du zu uns Abgeschlossenes Studium mit MINT-Schwerpunkt oder vergleichbare Ausbildung, Mindestens 3 Jahre Berufserfahrung als Softwareentwickler, Erfahrung mit Requirements-Engineering, Konzeption und Dokumentation, Strukturierte Arbeitsweise mit hohem Qualitätsanspruch an die eigene Arbeit, Eigeninitiative und Hands-on Mentalität, Ein selbstbewusstes Auftreten auf allen Hierarchieebenen, Sehr gute Sprachkenntnisse in Deutsch, Und d…",
    "secteur": "IT-Stellen",
    "skills": [],
    "techno_recherche": "java",
    "is_remote": false,
    "salaire_min": 55000,
    "salaire_max": 90000,
    "salaire_predicted": "0",
    "url": "https://www.adzuna.de/details/5282859958?utm_medium=api&utm_source=03d8c83f",
    "date_collected": "20250704_1120"
  },
  {
    "pays": "Germany",
    "code_pays": "de",
    "titre": "Java Fullstack Software Engineer",
    "description": "Salary: 55.000 - 80.000 € per year Requirements: * Kommunikation in flüssigem Deutsch und Englisch sind kein Problem für dich * Streben nach Clean Code und Bereitschaft Neues zu lernen * Lösungsorientiertes Denken * Erfahrung im Planen und Umsetzen von Softwareprojekten Das Gehalt orientiert sich am Erfahrungslevel. Responsibilities: * Implementierung von Anwendungen inklusive Architekturkonzept, Rollout auf Produktion und Dokumentation * Präsentation deiner Ergebnisse vor dem Team und dem Kund…",
    "secteur": "IT-Stellen",
    "skills": [
      "java"
    ],
    "techno_recherche": "java",
    "is_remote": false,
    "salaire_min": 55000,
    "salaire_max": 80000,
    "salaire_predicted": "0",
    "url": "https://www.adzuna.de/details/5282859856?utm_medium=api&utm_source=03d8c83f",
    "date_collected": "20250704_1120"
  },
  {
    "pays": "Germany",
    "code_pays": "de",
    "titre": "DevOps Engineer Operations – Online- & Mobile-Banking (w/m/d)",
    "description": "Salary: 50.000 - 70.000 € per year Requirements: Studium der (Wirtschafts-)Informatik oder eine vergleichbare Qualifikation sowie entsprechende Berufserfahrung Erfahrung im Umgang mit Java-basierten Anwendungen, im produktiven Betrieb von Unix / Linux sowie OpenShift und im Scripting (z. B. Ansible, Python, Bash) Praxis im Applikation- und Webserver-Umfeld sowie im Umgang mit Monitoring- und Observability-Tools, wie Grafana, Prometheus und Alertmanager o. Ä. Know-how in den Bereichen ITIL und P…",
    "secteur": "IT-Stellen",
    "skills": [
      "python",
      "java"
    ],
    "techno_recherche": "java",
    "is_remote": false,
    "salaire_min": 50000,
    "salaire_max": 70000,
    "salaire_predicted": "0",
    "url": "https://www.adzuna.de/details/5282859963?utm_medium=api&utm_source=03d8c83f",
    "date_collected": "20250704_1120"
  },
  {
    "pays": "Germany",
    "code_pays": "de",
    "titre": "Dev Engineer – Java Microservices (w/m/d)",
    "description": "Salary: 60.000 - 85.000 € per year Requirements: • Abgeschlossenes Studium mit Schwerpunkt (Wirtschafts-)Informatik oder eine vergleichbare Ausbildung (z. B. Fachinformatik) bzw. Qualifikation • Erfahrungen in der Softwareentwicklung (Frontend und/oder Backend) und den Prinzipien von Softwaredesign, insbesondere im Bereich Microservices / SCS • Praxis mit CI/CD, REST und Clean Code • Tech Stack: Java EE, Spring (Boot), Hibernate, Apache Kafka, ELK, Azure DevOps, Red Hat OpenShift (Kubernetes) •…",
    "secteur": "IT-Stellen",
    "skills": [
      "java",
      "azure",
      "kubernetes"
    ],
    "techno_recherche": "java",
    "is_remote": false,
    "salaire_min": 60000,
    "salaire_max": 85000,
    "salaire_predicted": "0",
    "url": "https://www.adzuna.de/details/5282859813?utm_medium=api&utm_source=03d8c83f",
    "date_collected": "20250704_1120"
  },
  {
    "pays": "Germany",
    "code_pays": "de",
    "titre": "Mid-Level Backend Entwickler (w/m/d)",
    "description": "Salary: 60.000 - 75.000 € per year Requirements: Deine spannenden Aufgaben: Weiterentwicklung der Backends für unsere zukunftsweisende milia.io Plattform (https://milia.io) Aktive Mitgestaltung unserer zukünftigen Systemarchitektur Entwicklung von performantem und wartbarem Code Lösung komplexer Herausforderungen im Bereich Prozessautomatisierung und KI Responsibilities: Das bringst du mit: Fundierte Erfahrung in der Java-Programmierung von Vorteil: Kenntnisse in Cloud-Technologien, insbesonder…",
    "secteur": "IT-Stellen",
    "skills": [
      "java"
    ],
    "techno_recherche": "java",
    "is_remote": false,
    "salaire_min": 60000,
    "salaire_max": 75000,
    "salaire_predicted": "0",
    "url": "https://www.adzuna.de/details/5282859831?utm_medium=api&utm_source=03d8c83f",
    "date_collected": "20250704_1120"
  },
  {
    "pays": "Germany",
    "code_pays": "de",
    "titre": "Software Tester (m/w/d)",
    "description": "Salary: 35.000 - 50.000 € per year Requirements: Erfolgreich abgeschlossenes, technisch orientiertes Hochschulstudium oder eine gleichwertige Berufsausbildung mit Berufserfahrung in der IT-Welt Hoher Qualitätsanspruch: Sorgfalt im Detail, systematische und akribische Arbeitsweise Freude und Ehrgeiz beim Aufspüren von Bugs Knowhow in der Testautomatisierung von Programmoberflächen mit gängigen Tools Fähigkeit zur sicheren und verständlichen Formulierung von Texten Eine selbstständige und struktu…",
    "secteur": "IT-Stellen",
    "skills": [],
    "techno_recherche": "java",
    "is_remote": false,
    "salaire_min": 35000,
    "salaire_max": 50000,
    "salaire_predicted": "0",
    "url": "https://www.adzuna.de/details/5282859799?utm_medium=api&utm_source=03d8c83f",
    "date_collected": "20250704_1120"
  },
  {
    "pays": "Germany",
    "code_pays": "de",
    "titre": "Softwareentwickler C++, C# oder Java (m/w/d)",
    "description": "Salary: 45.000 - 70.000 € per year Requirements: • Abgeschlossenes Studium im Bereich Informatik, Wirtschaftsinformatik, Mathematik oder einer ähnlichen Fachrichtung • Berufserfahrung in der Softwareentwicklung sowie in der Codierung • Gute Kenntnisse in einer objektorientierten Programmiersprache, vorzugsweise C++ , C# oder Java • Know-How in den dazugehörigen Frameworks • Sehr gute Deutsch- und gute Englischkenntnisse • Bis zu Tage pro Woche Home Office möglich Responsibilities: • Entwicklung…",
    "secteur": "IT-Stellen",
    "skills": [
      "java"
    ],
    "techno_recherche": "java",
    "is_remote": false,
    "salaire_min": 45000,
    "salaire_max": 70000,
    "salaire_predicted": "0",
    "url": "https://www.adzuna.de/details/5282859812?utm_medium=api&utm_source=03d8c83f",
    "date_collected": "20250704_1120"
  },
  {
    "pays": "Germany",
    "code_pays": "de",
    "titre": "Backend Entwickler Java (m/w/d) HealthTech",
    "description": "Salary: 40.000 - 65.000 € per year Requirements: Erfolgreich abgeschlossenes Studium der (Wirtschafts-) Informatik oder eine vergleichbare IT Ausbildung Mehrjährige Berufserfahrung als Backend-Softwareentwickler:in, vorrangig in der Entwicklung von datenverarbeitenden Services (vorzugsweise in JAVA) Erfahrung im Umgang mit relationalen Datenbanken Wünschenswert sind Kenntnisse in der Arbeit mit dem Framework Apache NiFi Agiles Mindset und Freude daran, mit neuen Technologien zu arbeiten Teampla…",
    "secteur": "IT-Stellen",
    "skills": [
      "java"
    ],
    "techno_recherche": "java",
    "is_remote": false,
    "salaire_min": 40000,
    "salaire_max": 65000,
    "salaire_predicted": "0",
    "url": "https://www.adzuna.de/details/5282859816?utm_medium=api&utm_source=03d8c83f",
    "date_collected": "20250704_1120"
  },
  {
    "pays": "Germany",
    "code_pays": "de",
    "titre": "Embedded Linux Kernel Developer (m/w/d)",
    "description": "Salary: 55.000 - 85.000 € per year Requirements: Technische Ausbildung (FH/TU) im Bereich Elektronik, Elektrotechnik, Telematik oder vergleichbar Mehrjährige Erfahrung in Design und Entwicklung von Embedded Linux – insbesondere ARM Gutes Verständnis von Software-Entwicklungsprozessen und Erfahrung in der Architektur von Softwaresystemen (UML) Solides Verständnis für moderne Software-Toolchains (z.B. git, Jenkins, Jira, Confluence) Programmierkenntnisse in Lua, Qt und Java sind von Vorteil Selbs…",
    "secteur": "IT-Stellen",
    "skills": [
      "java"
    ],
    "techno_recherche": "java",
    "is_remote": false,
    "salaire_min": 55000,
    "salaire_max": 85000,
    "salaire_predicted": "0",
    "url": "https://www.adzuna.de/details/5282859803?utm_medium=api&utm_source=03d8c83f",
    "date_collected": "20250704_1120"
  },
  {
    "pays": "Germany",
    "code_pays": "de",
    "titre": "Senior Consultants (w/m/d) – Data & Analytics",
    "description": "Salary: 70.000 - 80.000 € per year Requirements: Dir macht es Spaß interdisziplinär im Business und IT Bereichen tätig zu sein Du liebst Herausforderungen und entwickelst daraus intelligente Lösungen Du hast Spaß daran Mitarbeiter und Kunden für Dich und Deine Ideen zu gewinnen Du hast eine „hands-on“ Mentalität, bist ein Team-Player, der sehr gerne Wissen teilt und sich selbst Wissen aneignet Du hast fundierte technische Kenntnisse und/oder Architekturwissen in Microsoft SQL Server, Power BI, …",
    "secteur": "IT-Stellen",
    "skills": [
      "sql"
    ],
    "techno_recherche": "java",
    "is_remote": false,
    "salaire_min": 70000,
    "salaire_max": 80000,
    "salaire_predicted": "0",
    "url": "https://www.adzuna.de/details/5282859800?utm_medium=api&utm_source=03d8c83f",
    "date_collected": "20250704_1120"
  },
  {
    "pays": "Germany",
    "code_pays": "de",
    "titre": "PHP Developer Magento (w/m/d)",
    "description": "Salary: 45.000 - 55.000 € per year Requirements: Deine Skills • Du bringst Berufserfahrung im Bereich objektorientierter Programmierung mit PHP 5/7 mit • Du hast bereits Magento (2) Projekte in einem Team umgesetzt • Außerdem bringst du Erfahrungen mit SQL sowie im Profiling und der Performance-Optimierung von Magento-Installationen mit • Der Umgang mit der Konsole in Unix/Linux und Webservern ist selbstverständlich für dich • Du bleibst immer am Ball: du setzt dich gern mit neuen Technologien,…",
    "secteur": "IT-Stellen",
    "skills": [
      "sql"
    ],
    "techno_recherche": "java",
    "is_remote": false,
    "salaire_min": 45000,
    "salaire_max": 55000,
    "salaire_predicted": "0",
    "url": "https://www.adzuna.de/details/5282859825?utm_medium=api&utm_source=03d8c83f",
    "date_collected": "20250704_1120"
  },
  {
    "pays": "Germany",
    "code_pays": "de",
    "titre": "Solution Consultant Cloud Migration (m/w/d)",
    "description": "Salary: 40.000 - 70.000 € per year Requirements: Das bringst du mit: Erfolgreich abgeschlossenes Studium der Informatik, des Ingenieurwesens oder vergleichbare Erfahrung Mindestens zwei Jahre Berufserfahrung als (Solution) Consultant im IT-Bereich Sehr gute Kenntnisse in Geschäftsanwendungen, vorzugsweise CRM und Salesforce Erfahrung in der Datenmigration oder -integration Technisches Verständnis für Software und Datenstrukturen Gute Englischkenntnisse sowie angenehme und professionelle Umgangs…",
    "secteur": "IT-Stellen",
    "skills": [],
    "techno_recherche": "java",
    "is_remote": false,
    "salaire_min": 40000,
    "salaire_max": 70000,
    "salaire_predicted": "0",
    "url": "https://www.adzuna.de/details/5282859808?utm_medium=api&utm_source=03d8c83f",
    "date_collected": "20250704_1120"
  },
  {
    "pays": "Germany",
    "code_pays": "de",
    "titre": "Developer / Programmierer Java /C /C# w/m/d",
    "description": "Salary: 40.000 - 70.000 € per year Requirements: Sie haben das Studium der praktischen / angewandten Informatik erfolgreich abgeschlossen oder verfügen über eine vergleichbare entsprechende Qualifikation. Sie verfügen über Know-how in unterschiedlichen Vorgehensmodellen und den oben genannten Programmiersprachen, insbesondere in C#. Sie bringen gute Englischkenntnisse mit. Ihr analytisches und strategisches Denken wird ergänzt durch eine systematische und methodische Herangehensweise. Sie hande…",
    "secteur": "IT-Stellen",
    "skills": [
      "java"
    ],
    "techno_recherche": "java",
    "is_remote": false,
    "salaire_min": 40000,
    "salaire_max": 70000,
    "salaire_predicted": "0",
    "url": "https://www.adzuna.de/details/5282859802?utm_medium=api&utm_source=03d8c83f",
    "date_collected": "20250704_1120"
  },
  {
    "pays": "Germany",
    "code_pays": "de",
    "titre": "Senior Java developer",
    "description": "Über 700 Mitarbeiter arbeiten in der M&P Group an der Vision für eine bessere Zukunft in den Bereichen Bauen und nachhaltige Stadtentwicklung, Umwelt und Klimaschutz, Wasser und erneuerbare Energien. Zahlreiche Gesellschaften in Deutschland sorgen für die Nähe zu unseren Kunden. Die Ingenieurgesellschaft Prof. Czurda und Partner mbH (ICP) ist ein führendes mittelständisches Ingenieurbüro in den Bereichen Abfallwirtschaft, Deponietechnik, Altlastensanierung und Geotechnik mit dem Hauptsitz in Ka…",
    "secteur": "Technikerstellen",
    "skills": [
      "java"
    ],
    "techno_recherche": "java",
    "is_remote": false,
    "salaire_min": 20800,
    "salaire_max": 41600,
    "salaire_predicted": "0",
    "url": "https://www.adzuna.de/details/5282402618?utm_medium=api&utm_source=03d8c83f",
    "date_collected": "20250704_1120"
  },
  {
    "pays": "Germany",
    "code_pays": "de",
    "titre": "Softwarequalitäts- und Testspezialist:in (m/w/d)",
    "description": "Moin, aktuell bin ich auf der Suche nach einem Softwarequalitäts- und Testspezialist:in (m/w/d) für folgendes Projekt: Rahmendaten: Start: 01.08.2025 bis Ende des Jahres Remote: Bis zu 90% Einsatzort: Köln Auslastung: Vollzeit Must-Haves/Anforderungen: Erfahrung mit agilen Testmethoden ISTQB-Zertifizierung SQL-Kenntnisse, Oracle-Datenbank Shell-Scripting unter Linux Erfahrung mit Microservices, JavaScript UI-Frameworks, REST-Services Testautomatisierung mit Java und Selenium Scrum-Verständnis T…",
    "secteur": "Kundendienststellen",
    "skills": [
      "java",
      "sql"
    ],
    "techno_recherche": "java",
    "is_remote": true,
    "salaire_min": 176800,
    "salaire_max": 176800,
    "salaire_predicted": "0",
    "url": "https://www.adzuna.de/details/5282074723?utm_medium=api&utm_source=03d8c83f",
    "date_collected": "20250704_1120"
  },
  {
    "pays": "Germany",
    "code_pays": "de",
    "titre": "Senior ABAP-Entwickler:in (m/w/d)",
    "description": "Senior ABAP-Entwickler:in (m/w/d) in Frankfurt gesucht Vollzeit | Hybrides Arbeiten möglich | ab sofort | unbefristet Einleitung Sie möchten die digitale Transformation im Gesundheitswesen aktiv mitgestalten? Sie sind erfahren in der ABAP-Entwicklung und möchten Ihre Fähigkeiten in einem sinnstiftenden Umfeld einsetzen? Dann werden Sie Teil eines engagierten Teams, das moderne Anwendungen für das Kundenmanagement im Gesundheitswesen entwickelt. Unternehmensbeschreibung Ein führender IT-Dienstle…",
    "secteur": "IT-Stellen",
    "skills": [],
    "techno_recherche": "java",
    "is_remote": false,
    "salaire_min": 85000,
    "salaire_max": 105000,
    "salaire_predicted": "0",
    "url": "https://www.adzuna.de/details/5282074680?utm_medium=api&utm_source=03d8c83f",
    "date_collected": "20250704_1120"
  },
  {
    "pays": "Germany",
    "code_pays": "de",
    "titre": "ABAP-Entwickler (m/w/d)",
    "description": "ABAP-Entwickler:in (m/w/d) in Frankfurt gesucht Vollzeit | Hybrides Arbeiten möglich | ab sofort | unbefristet Einleitung Sie möchten die digitale Transformation im Gesundheitswesen aktiv mitgestalten? Sie sind erfahren in der ABAP-Entwicklung und möchten Ihre Expertise in einem sinnstiftenden Umfeld einbringen? Dann werden Sie Teil eines innovativen Teams, das moderne Softwarelösungen für die gesetzliche Krankenversicherung entwickelt und betreibt. Unternehmensbeschreibung Ein führender IT-Die…",
    "secteur": "IT-Stellen",
    "skills": [],
    "techno_recherche": "java",
    "is_remote": false,
    "salaire_min": 80000,
    "salaire_max": 100000,
    "salaire_predicted": "0",
    "url": "https://www.adzuna.de/details/5282074682?utm_medium=api&utm_source=03d8c83f",
    "date_collected": "20250704_1120"
  },
  {
    "pays": "Germany",
    "code_pays": "de",
    "titre": "Hä? Passt doch gar nicht!",
    "description": "Senior Consultant SAP Life Sciences & Prozessindustrie (m/w/d) 40 Stunden pro Woche • unbefristet • Frühester Beginn ab sofort 80.000 - 120.000 EUR pro Jahr Ein führendes Unternehmen im Bereich SAP-Beratung und -Implementierung bietet maßgeschneiderte Lösungen für verschiedene Branchen wie Energieversorgung, öffentliche Verwaltung, Banken, Einzelhandel und Gesundheitswesen. Das Unternehmen kombiniert technologische Expertise mit tiefem Prozessverständnis, um Kunden bei der digitalen Transformat…",
    "secteur": "Beraterstellen",
    "skills": [],
    "techno_recherche": "java",
    "is_remote": false,
    "salaire_min": 80000,
    "salaire_max": 120000,
    "salaire_predicted": "0",
    "url": "https://www.adzuna.de/details/5281511249?utm_medium=api&utm_source=03d8c83f",
    "date_collected": "20250704_1120"
  },
  {
    "pays": "Germany",
    "code_pays": "de",
    "titre": "Deine Rolle:",
    "description": "Java Software Developer Professional Services (m/w/d) 40 Stunden pro Woche • unbefristet • Frühester Beginn ab 2025-07-01 65.000 - 80.000 EUR pro Jahr Ein innovatives Softwareunternehmen gestaltet die Versicherungswelt von morgen. Dich erwarten spannende Digitalisierungsprojekte, moderne Technologien und ein Team, das anpackt. Wenn Du in einem stabilen Umfeld mit Zukunft arbeiten willst, wo Deine Ideen zählen und Du wirklich etwas bewegen kannst – dann bist Du hier richtig. Deine Rolle: Integra…",
    "secteur": "Beraterstellen",
    "skills": [
      "java"
    ],
    "techno_recherche": "java",
    "is_remote": false,
    "salaire_min": 65000,
    "salaire_max": 80000,
    "salaire_predicted": "0",
    "url": "https://www.adzuna.de/details/5281509866?utm_medium=api&utm_source=03d8c83f",
    "date_collected": "20250704_1120"
  },
  {
    "pays": "Germany",
    "code_pays": "de",
    "titre": "Deine Rolle:",
    "description": "Java Software Developer Produktentwicklung (m/w/d) 40 Stunden pro Woche • unbefristet • Frühester Beginn ab sofort 65.000 - 80.000 EUR pro Jahr Ein innovatives Softwareunternehmen gestaltet die Versicherungswelt von morgen. Dich erwarten spannende Digitalisierungsprojekte, moderne Technologien und ein Team, das anpackt. Wenn Du in einem stabilen Umfeld mit Zukunft arbeiten willst, wo Deine Ideen zählen und Du wirklich etwas bewegen kannst – dann bist Du hier richtig. DEINE ROLLE: Du entwickelst…",
    "secteur": "Beraterstellen",
    "skills": [
      "java"
    ],
    "techno_recherche": "java",
    "is_remote": false,
    "salaire_min": 65000,
    "salaire_max": 80000,
    "salaire_predicted": "0",
    "url": "https://www.adzuna.de/details/5281509182?utm_medium=api&utm_source=03d8c83f",
    "date_collected": "20250704_1120"
  },
  {
    "pays": "Germany",
    "code_pays": "de",
    "titre": "Hä? Passt doch gar nicht!",
    "description": "Senior Consultant SAP PP / Produktionsplanung (m/w/d) 40 Stunden pro Woche • unbefristet • Frühester Beginn ab sofort 80.000 - 120.000 EUR pro Jahr Ein führendes Unternehmen im Bereich SAP-Beratung und -Implementierung bietet maßgeschneiderte Lösungen für verschiedene Branchen wie Energieversorgung, öffentliche Verwaltung, Banken, Einzelhandel und Gesundheitswesen. Das Unternehmen kombiniert technologische Expertise mit tiefem Prozessverständnis, um Kunden bei der digitalen Transformation und d…",
    "secteur": "Beraterstellen",
    "skills": [],
    "techno_recherche": "java",
    "is_remote": false,
    "salaire_min": 80000,
    "salaire_max": 120000,
    "salaire_predicted": "0",
    "url": "https://www.adzuna.de/details/5281507861?utm_medium=api&utm_source=03d8c83f",
    "date_collected": "20250704_1120"
  },
  {
    "pays": "Germany",
    "code_pays": "de",
    "titre": "Hä? Passt doch gar nicht!",
    "description": "Senior Consultant M/TEXT (m/w/d) 40 Stunden pro Woche • unbefristet • Frühester Beginn ab sofort 80.000 - 120.000 EUR pro Jahr Ein führendes Unternehmen im Bereich SAP-Beratung und -Implementierung bietet maßgeschneiderte Lösungen für verschiedene Branchen wie Energieversorgung, öffentliche Verwaltung, Banken, Einzelhandel und Gesundheitswesen. Das Unternehmen kombiniert technologische Expertise mit tiefem Prozessverständnis, um Kunden bei der digitalen Transformation und der Entwicklung zukunf…",
    "secteur": "Beraterstellen",
    "skills": [],
    "techno_recherche": "java",
    "is_remote": false,
    "salaire_min": 80000,
    "salaire_max": 120000,
    "salaire_predicted": "0",
    "url": "https://www.adzuna.de/details/5281507403?utm_medium=api&utm_source=03d8c83f",
    "date_collected": "20250704_1120"
  },
  {
    "pays": "Germany",
    "code_pays": "de",
    "titre": "Solution Architekt (m/w/d) in München",
    "description": "Solution Architekt (m/w/d) in München Du bist bereit, die technische Zukunft zu gestalten und innovative Softwarearchitekturen zu entwickeln? Dann ist das deine Chance! Für ein dynamisches Unternehmen im Technologiesektor suchen wir einen Solution Architekten (m/w/d), der durch seine technischen Fähigkeiten und seinen strategischen Weitblick überzeugt. Deine Aufgaben im Detail: Technologie-Strategie: Du entwickelst eine zielgerichtete Technologiestrategie, die perfekt auf die Geschäftsziele abg…",
    "secteur": "Beraterstellen",
    "skills": [],
    "techno_recherche": "java",
    "is_remote": false,
    "salaire_min": 85000,
    "salaire_max": 120000,
    "salaire_predicted": "0",
    "url": "https://www.adzuna.de/details/5281500113?utm_medium=api&utm_source=03d8c83f",
    "date_collected": "20250704_1120"
  },
  {
    "pays": "Germany",
    "code_pays": "de",
    "titre": "Deine Rolle:",
    "description": "Software Engineer Smalltalk (m/w/d) 40 Stunden pro Woche • unbefristet • Frühester Beginn ab 2025-07-01 65.000 - 80.000 EUR pro Jahr Ein innovatives Softwareunternehmen gestaltet die Versicherungswelt von morgen. Dich erwarten spannende Digitalisierungsprojekte, moderne Technologien und ein Team, das anpackt. Wenn Du in einem stabilen Umfeld mit Zukunft arbeiten willst, wo Deine Ideen zählen und Du wirklich etwas bewegen kannst – dann bist Du hier richtig. Deine Rolle: Zusammenarbeit im Team mi…",
    "secteur": "Beraterstellen",
    "skills": [],
    "techno_recherche": "java",
    "is_remote": false,
    "salaire_min": 65000,
    "salaire_max": 80000,
    "salaire_predicted": "0",
    "url": "https://www.adzuna.de/details/5281500077?utm_medium=api&utm_source=03d8c83f",
    "date_collected": "20250704_1120"
  },
  {
    "pays": "Germany",
    "code_pays": "de",
    "titre": "Aufgaben:",
    "description": "JAVA–BACKEND DEVELOPER (m/w/d) 40 Stunden pro Woche • unbefristet • Frühester Beginn ab sofort 85.000 - 85.000 EUR pro Jahr Das Unternehmen ist ein führender Spezialist im Bereich Immobilienvermittlung und -finanzierung. Seit über 30 Jahren unterstützt es Menschen erfolgreich dabei, ihre Immobilien zu verkaufen oder die passende Finanzierung für den Immobilienkauf zu finden. Mit einem breiten Netzwerk aus Immobilienexperten und Finanzierungspartnern bietet das Unternehmen individuelle Lösungen …",
    "secteur": "Beraterstellen",
    "skills": [
      "java"
    ],
    "techno_recherche": "java",
    "is_remote": false,
    "salaire_min": 85000,
    "salaire_max": 85000,
    "salaire_predicted": "0",
    "url": "https://www.adzuna.de/details/5281497773?utm_medium=api&utm_source=03d8c83f",
    "date_collected": "20250704_1120"
  },
  {
    "pays": "Germany",
    "code_pays": "de",
    "titre": "Hä? Passt doch gar nicht!",
    "description": "(Senior) Cloud Software Engineer SAP BTP (m/w/d) 40 Stunden pro Woche • unbefristet • Frühester Beginn ab sofort 80.000 - 120.000 EUR pro Jahr Ein führendes Unternehmen im Bereich SAP-Beratung und -Implementierung bietet maßgeschneiderte Lösungen für verschiedene Branchen wie Energieversorgung, öffentliche Verwaltung, Banken, Einzelhandel und Gesundheitswesen. Das Unternehmen kombiniert technologische Expertise mit tiefem Prozessverständnis, um Kunden bei der digitalen Transformation und der En…",
    "secteur": "Beraterstellen",
    "skills": [],
    "techno_recherche": "java",
    "is_remote": false,
    "salaire_min": 80000,
    "salaire_max": 120000,
    "salaire_predicted": "0",
    "url": "https://www.adzuna.de/details/5281494292?utm_medium=api&utm_source=03d8c83f",
    "date_collected": "20250704_1120"
  },
  {
    "pays": "Germany",
    "code_pays": "de",
    "titre": "Deine Rolle:",
    "description": "Software Architect Einführungsprojekte (m/w/d) 40 Stunden pro Woche • unbefristet • Frühester Beginn ab 2025-07-01 65.000 - 80.000 EUR pro Jahr Ein innovatives Softwareunternehmen gestaltet die Versicherungswelt von morgen. Dich erwarten spannende Digitalisierungsprojekte, moderne Technologien und ein Team, das anpackt. Wenn Du in einem stabilen Umfeld mit Zukunft arbeiten willst, wo Deine Ideen zählen und Du wirklich etwas bewegen kannst – dann bist Du hier richtig. DEINE ROLLE: Du kombinierst…",
    "secteur": "Beraterstellen",
    "skills": [],
    "techno_recherche": "java",
    "is_remote": false,
    "salaire_min": 65000,
    "salaire_max": 80000,
    "salaire_predicted": "0",
    "url": "https://www.adzuna.de/details/5281449545?utm_medium=api&utm_source=03d8c83f",
    "date_collected": "20250704_1120"
  },
  {
    "pays": "Germany",
    "code_pays": "de",
    "titre": "Deine Rolle:",
    "description": "Senior Software Developer Frontend Angular Produktplattform (m/w/d) 40 Stunden pro Woche • unbefristet • Frühester Beginn ab 2025-07-01 65.000 - 80.000 EUR pro Jahr Ein innovatives Softwareunternehmen gestaltet die Versicherungswelt von morgen. Dich erwarten spannende Digitalisierungsprojekte, moderne Technologien und ein Team, das anpackt. Wenn Du in einem stabilen Umfeld mit Zukunft arbeiten willst, wo Deine Ideen zählen und Du wirklich etwas bewegen kannst – dann bist Du hier richtig. Deine …",
    "secteur": "Beraterstellen",
    "skills": [
      "angular"
    ],
    "techno_recherche": "java",
    "is_remote": false,
    "salaire_min": 65000,
    "salaire_max": 80000,
    "salaire_predicted": "0",
    "url": "https://www.adzuna.de/details/5281419771?utm_medium=api&utm_source=03d8c83f",
    "date_collected": "20250704_1120"
  },
  {
    "pays": "Germany",
    "code_pays": "de",
    "titre": "Abteilungsleitung Softwareentwicklung Workflowsysteme (m/w/d)",
    "description": "Als einer der größten Banken-IT-Dienstleister und Digitalisierungspartner Europas sind wir der Treiber der Digitalisierung innerhalb der Sparkassen-Finanzgruppe. Mit über 4.000 Mitarbeiter:innen an 3 Standorten machen wir digitales Banking von heute leistungsfähig und entwickeln smarte Finanz-Services von morgen. Dabei bieten wir Ihnen ein breites Aufgabenspektrum, in dem Sie Ihre individuelle Stärke hervorragend einbringen können. Ob App-Entwicklung, Netzwerktechnologien und Serverbetrieb oder…",
    "secteur": "IT-Stellen",
    "skills": [],
    "techno_recherche": "java",
    "is_remote": false,
    "salaire_min": 80000,
    "salaire_max": 120000,
    "salaire_predicted": "0",
    "url": "https://www.adzuna.de/details/5281414395?utm_medium=api&utm_source=03d8c83f",
    "date_collected": "20250704_1120"
  },
  {
    "pays": "Germany",
    "code_pays": "de",
    "titre": "Hä? Passt doch gar nicht!",
    "description": "Senior Consultant Quadient Inspire (m/w/d) 40 Stunden pro Woche • unbefristet • Frühester Beginn ab sofort 80.000 - 120.000 EUR pro Jahr Ein führendes Unternehmen im Bereich SAP-Beratung und -Implementierung bietet maßgeschneiderte Lösungen für verschiedene Branchen wie Energieversorgung, öffentliche Verwaltung, Banken, Einzelhandel und Gesundheitswesen. Das Unternehmen kombiniert technologische Expertise mit tiefem Prozessverständnis, um Kunden bei der digitalen Transformation und der Entwickl…",
    "secteur": "Beraterstellen",
    "skills": [],
    "techno_recherche": "java",
    "is_remote": false,
    "salaire_min": 80000,
    "salaire_max": 120000,
    "salaire_predicted": "0",
    "url": "https://www.adzuna.de/details/5281343233?utm_medium=api&utm_source=03d8c83f",
    "date_collected": "20250704_1120"
  },
  {
    "pays": "Germany",
    "code_pays": "de",
    "titre": "Hä? Passt doch gar nicht!",
    "description": "Senior Cloud Integration Developer SAP BTP (m/w/d) 40 Stunden pro Woche • unbefristet • Frühester Beginn ab sofort 80.000 - 120.000 EUR pro Jahr Ein führendes Unternehmen im Bereich SAP-Beratung und -Implementierung bietet maßgeschneiderte Lösungen für verschiedene Branchen wie Energieversorgung, öffentliche Verwaltung, Banken, Einzelhandel und Gesundheitswesen. Das Unternehmen kombiniert technologische Expertise mit tiefem Prozessverständnis, um Kunden bei der digitalen Transformation und der …",
    "secteur": "Beraterstellen",
    "skills": [],
    "techno_recherche": "java",
    "is_remote": false,
    "salaire_min": 80000,
    "salaire_max": 120000,
    "salaire_predicted": "0",
    "url": "https://www.adzuna.de/details/5281341643?utm_medium=api&utm_source=03d8c83f",
    "date_collected": "20250704_1120"
  },
  {
    "pays": "Germany",
    "code_pays": "de",
    "titre": "Deine Rolle:",
    "description": "Senior Software Architect Java (m/w/d) 40 Stunden pro Woche • unbefristet • Frühester Beginn ab 2025-07-01 65.000 - 80.000 EUR pro Jahr Ein innovatives Softwareunternehmen gestaltet die Versicherungswelt von morgen. Dich erwarten spannende Digitalisierungsprojekte, moderne Technologien und ein Team, das anpackt. Wenn Du in einem stabilen Umfeld mit Zukunft arbeiten willst, wo Deine Ideen zählen und Du wirklich etwas bewegen kannst – dann bist Du hier richtig. DEINE ROLLE: Du verantwortest die A…",
    "secteur": "Beraterstellen",
    "skills": [
      "java"
    ],
    "techno_recherche": "java",
    "is_remote": false,
    "salaire_min": 65000,
    "salaire_max": 80000,
    "salaire_predicted": "0",
    "url": "https://www.adzuna.de/details/5281338811?utm_medium=api&utm_source=03d8c83f",
    "date_collected": "20250704_1120"
  },
  {
    "pays": "Germany",
    "code_pays": "de",
    "titre": "Inhouse Berater IT Infrastruktur (m/w/d) in München",
    "description": "Mach einen Unterschied Inhouse Berater IT Infrastruktur (m/w/d) in München Unser Kunde Ein führendes Unternehmen im Bereich der IT-Dienstleistungen, spezialisiert auf Bildungstechnologien, bietet umfassende Unterstützung und maßgeschneiderte IT-Lösungen für Bildungseinrichtungen an. Es hat sich auf die Verbesserung der digitalen Infrastruktur in Schulen und anderen Bildungseinrichtungen konzentriert, einschließlich der Bereitstellung und Wartung moderner IT-Ausrüstung und des Angebots individue…",
    "secteur": "IT-Stellen",
    "skills": [],
    "techno_recherche": "java",
    "is_remote": false,
    "salaire_min": 68000,
    "salaire_max": 80000,
    "salaire_predicted": "0",
    "url": "https://www.adzuna.de/details/5281337623?utm_medium=api&utm_source=03d8c83f",
    "date_collected": "20250704_1120"
  },
  {
    "pays": "Germany",
    "code_pays": "de",
    "titre": "Hä? Passt doch gar nicht!",
    "description": "Senior Consultant SAP S/4HANA Retail (m/w/d) 40 Stunden pro Woche • unbefristet • Frühester Beginn ab sofort 80.000 - 120.000 EUR pro Jahr Ein führendes Unternehmen im Bereich SAP-Beratung und -Implementierung bietet maßgeschneiderte Lösungen für verschiedene Branchen wie Energieversorgung, öffentliche Verwaltung, Banken, Einzelhandel und Gesundheitswesen. Das Unternehmen kombiniert technologische Expertise mit tiefem Prozessverständnis, um Kunden bei der digitalen Transformation und der Entwic…",
    "secteur": "Beraterstellen",
    "skills": [],
    "techno_recherche": "java",
    "is_remote": false,
    "salaire_min": 80000,
    "salaire_max": 120000,
    "salaire_predicted": "0",
    "url": "https://www.adzuna.de/details/5281337077?utm_medium=api&utm_source=03d8c83f",
    "date_collected": "20250704_1120"
  },
  {
    "pays": "Germany",
    "code_pays": "de",
    "titre": "Senior Data Scientist / ML Engineer mit Karriereambitionen (TC: 110-180k)",
    "description": "Aufgaben Du willst: arbeiten und verdienen wie ein Selbstständiger, aber risikofrei in Deutschland festangestellt sein? Deine Arbeitszeiten selbst bestimmen? von zuhause aus arbeiten (remote)? mehr managen als selber machen? den nächsten Schritt in Deiner Karriere gehen und lernen, wie man Teams leitet und ein Unternehmen führt? einen Arbeitgeber, der Dich leistungs- und ergebnisorientiert bezahlt (Zielgehalt: 110.000 € - 180.000 €)? Qualifikation Du: bringst 5 Jahre Erfahrung in hands-on AI / …",
    "secteur": "IT-Stellen",
    "skills": [
      "data scientist",
      "ml"
    ],
    "techno_recherche": "java",
    "is_remote": true,
    "salaire_min": 110000,
    "salaire_max": 180000,
    "salaire_predicted": "0",
    "url": "https://www.adzuna.de/details/5281214540?utm_medium=api&utm_source=03d8c83f",
    "date_collected": "20250704_1120"
  },
  {
    "pays": "Germany",
    "code_pays": "de",
    "titre": "(Senior) IT-Consultant (m/w/d)",
    "description": "Aclue ist eine innovative IT-Beratung mit Sitz in Hamburg-Altona. Wir entwickeln für unseren Kunden seit 2019 maßgeschneiderte IT-Lösungen durch den Einsatz modernster Technologien und KI. Dabei setzen wir auf ein unkompliziertes Miteinander, direkte Kommunikation und Teamgeist. Aufgaben Du berätst und unterstützt unsere Kunden bei der Entwicklung und Integration moderner Softwaresysteme Du arbeitest an spannenden Projekten rund um generative KI, Softwareentwicklung, Cloud-Migration und agilem …",
    "secteur": "Beraterstellen",
    "skills": [],
    "techno_recherche": "java",
    "is_remote": false,
    "salaire_min": 45000,
    "salaire_max": 70000,
    "salaire_predicted": "0",
    "url": "https://www.adzuna.de/details/5281214379?utm_medium=api&utm_source=03d8c83f",
    "date_collected": "20250704_1120"
  },
  {
    "pays": "Germany",
    "code_pays": "de",
    "titre": "Java Entwickler (m/w/d) | Insurance",
    "description": "Unser Partner ist führender IT-Dienstleister im DACH-Raum mit mehr als 60 deutschen Standorten und über 10.000 Mitarbeitenden. Im Zuge der deutschlandweiten Insurance-Initiative werden derzeit erfahrenen Java Entwickler (m/w/d) für innovative Digitalisierungsprojekte namhafter Kunden aus der Versicherungsbranche gesucht. Als Vollblut ITler:in mit Leidenschaft für die Softwareentwicklung und Erfahrung in verschiedenen Technologien, wie: Java, JEE, Spring, Docker oder Kubernetes , findest du hier…",
    "secteur": "IT-Stellen",
    "skills": [
      "java",
      "docker",
      "kubernetes"
    ],
    "techno_recherche": "java",
    "is_remote": false,
    "salaire_min": 65000,
    "salaire_max": 85000,
    "salaire_predicted": "0",
    "url": "https://www.adzuna.de/details/5281213918?utm_medium=api&utm_source=03d8c83f",
    "date_collected": "20250704_1120"
  },
  {
    "pays": "Germany",
    "code_pays": "de",
    "titre": "DevOps Engineer (m/w/d) | Retail | Remote",
    "description": "Payment-Solutions neu gedacht! Unter diesem Motto entwickelt unser Partner, als führendes Unternehmen im DACH-Raum, innovative und individuelle POS-Software-Lösungen - von Self-Check-Kassen, über Click & Collect Systeme, bis hin zu spannenden inhouse Projekten. Derzeit wird für eines der Projektteams ein DevOps Engineer (m/w/d) zur Weiterentwicklung einer stabilen IT-Infrastruktur und Hardwareintegration gesucht. Aufgaben Design, Implementierung und Wartung von Linux-basierten Systemkonfigurati…",
    "secteur": "IT-Stellen",
    "skills": [],
    "techno_recherche": "java",
    "is_remote": true,
    "salaire_min": 70000,
    "salaire_max": 95000,
    "salaire_predicted": "0",
    "url": "https://www.adzuna.de/details/5281213637?utm_medium=api&utm_source=03d8c83f",
    "date_collected": "20250704_1120"
  },
  {
    "pays": "Germany",
    "code_pays": "de",
    "titre": "Java Entwickler (m/w/d) | Retail",
    "description": "Payment-Solutions neu gedacht! Unter diesem Motto entwickelt unser Partner, als führendes Unternehmen im DACH-Raum, innovative und individuelle POS-Software-Lösungen. Von Self-Check-Kassen, über Click & Collect Systeme, bis hin zu spannenden inhouse Projekten - hier findest du viel Raum für komplexe Softwareentwicklung mit vollem Fokus auf Java. Werde jetzt Teil dieser Softwareschmiede am Standort Düsseldorf als erfahrener Java Entwickler (m/w/d) und gestalte aktiv die Zukunft der Payment-Lösun…",
    "secteur": "IT-Stellen",
    "skills": [
      "java"
    ],
    "techno_recherche": "java",
    "is_remote": false,
    "salaire_min": 70000,
    "salaire_max": 90000,
    "salaire_predicted": "0",
    "url": "https://www.adzuna.de/details/5281213448?utm_medium=api&utm_source=03d8c83f",
    "date_collected": "20250704_1120"
  },
  {
    "pays": "Germany",
    "code_pays": "de",
    "titre": "Account Analyst (m/w/d)",
    "description": "Für die Betreuung und den Ausbau unserer Bestandskunden suchen wir ab sofort und in Festanstellung eine/-n ACCOUNT ANALYST/-IN (M/W/D) Als Account Analyst/-in bist Du unser/-e Datenspezialist/-in. Zusammenhänge zwischen verschiedenen Werbemaßnahmen und Ergebnissen sind Deine Expertise. Deine Arbeit wird uns helfen, klügere Entscheidungen zu treffen. Aufgaben Du kommunizierst und erläuterst unseren Kunden die Kampagnenleistung und –details sowie Wirkungszusammenhänge mit Hilfe von Reporting-Dash…",
    "secteur": "Stellen aus PR, Werbung & Marketing",
    "skills": [],
    "techno_recherche": "java",
    "is_remote": false,
    "salaire_min": 51000,
    "salaire_max": 81000,
    "salaire_predicted": "0",
    "url": "https://www.adzuna.de/details/5281213345?utm_medium=api&utm_source=03d8c83f",
    "date_collected": "20250704_1120"
  },
  {
    "pays": "Germany",
    "code_pays": "de",
    "titre": "Full-Stack-Entwickler und IT-Manager (m/w/d)",
    "description": "Ab sofort, Langfristig, In Festanstellung | 40 Stunden pro Woche | Mannheim | Energiewirtschaft | Berufserfahrener | 50000 bis 60000 € im Jahr | Projekt-ID P202550076_3S univativ ist ein Projekt- und Personaldienstleister, der Studenten und Absolventen spannende Jobs bei renommierten Unternehmen bietet. Deine Karriere ist unsere Mission, denn Deine Entwicklung liegt uns am Herzen. IT ist Deine Leidenschaft und Du konntest bereits erste Erfahrung in dem Bereich sammeln? Du bestichst durch Deine …",
    "secteur": "IT-Stellen",
    "skills": [],
    "techno_recherche": "java",
    "is_remote": false,
    "salaire_min": 50000,
    "salaire_max": 60000,
    "salaire_predicted": "0",
    "url": "https://www.adzuna.de/details/5281213240?utm_medium=api&utm_source=03d8c83f",
    "date_collected": "20250704_1120"
  },
  {
    "pays": "Germany",
    "code_pays": "de",
    "titre": "Senior Consultant Test Automation Engineer (m/w/d)",
    "description": "Als Senior Consultant Test Automation Engineer verantwortest Du die Entwicklung und Optimierung automatisierter Tests und trägst maßgeblich zur Qualitätssteigerung in verschiedenen Projekten bei. Mit Deiner langjährigen Erfahrung und Expertise in Testautomatisierungslösungen berätst Du unsere Kunden und führst ein Team von Testern. Mit 18 Niederlassungen in 6 Ländern und über 900 Mitarbeitern bieten wir Dir spannende Projekte. Wir fördern vom ersten Tag an Deine berufliche Weiterentwicklung und…",
    "secteur": "Unknown",
    "skills": [],
    "techno_recherche": "java",
    "is_remote": false,
    "salaire_min": 65000,
    "salaire_max": 85000,
    "salaire_predicted": "0",
    "url": "https://www.adzuna.de/details/5281213186?utm_medium=api&utm_source=03d8c83f",
    "date_collected": "20250704_1120"
  },
  {
    "pays": "Germany",
    "code_pays": "de",
    "titre": "Senior Consultant Test Automation Engineer (m/w/d)",
    "description": "Als Senior Consultant Test Automation Engineer verantwortest Du die Entwicklung und Optimierung automatisierter Tests und trägst maßgeblich zur Qualitätssteigerung in verschiedenen Projekten bei. Mit Deiner langjährigen Erfahrung und Expertise in Testautomatisierungslösungen berätst Du unsere Kunden und führst ein Team von Testern. Mit 18 Niederlassungen in 6 Ländern und über 900 Mitarbeitern bieten wir Dir spannende Projekte. Wir fördern vom ersten Tag an Deine berufliche Weiterentwicklung und…",
    "secteur": "Unknown",
    "skills": [],
    "techno_recherche": "java",
    "is_remote": false,
    "salaire_min": 65000,
    "salaire_max": 85000,
    "salaire_predicted": "0",
    "url": "https://www.adzuna.de/details/5281207391?utm_medium=api&utm_source=03d8c83f",
    "date_collected": "20250704_1120"
  },
  {
    "pays": "Germany",
    "code_pays": "de",
    "titre": "(Junior) PHP Full Stack Engineer (m/f/d) for a Greenfield Project",
    "description": "You are looking for a new challenge on your career path and want to make use of your talent in software development in a meaningful way by taking part in the implementation of a ever evolving system ? Then Bela-Living is the right place for you. We strive to provide high-quality and affordable furniture on our ever improving online platform. To further upgrade our service, we started to build our own ERP from ground up. Sounds like a right opportunity for you? We are looking forward to receivin…",
    "secteur": "IT-Stellen",
    "skills": [],
    "techno_recherche": "java",
    "is_remote": false,
    "salaire_min": 45000,
    "salaire_max": 50000,
    "salaire_predicted": "0",
    "url": "https://www.adzuna.de/details/5281204765?utm_medium=api&utm_source=03d8c83f",
    "date_collected": "20250704_1120"
  },
  {
    "pays": "Germany",
    "code_pays": "de",
    "titre": "Senior BPM-Consultant (m/w/d)",
    "description": "Was wir machen Ready to go digital? Mit uns? Wir sind ein junges Technologieunternehmen aus Augsburg, das Organisationen dabei unterstützt, ihre Prozesse digital und nachhaltig zu automatisieren. Mit einem klaren Fokus auf modernen Open-Source-Technologien wie Camunda, Spring Boot und React entwickeln wir Software, die echten Mehrwert schafft. Dabei denken wir End-to-End, arbeiten eng mit unseren Kunden zusammen und setzen auf Technologien, die echten Nutzen bringen. Wir gestalten Digitalisieru…",
    "secteur": "Unknown",
    "skills": [
      "react"
    ],
    "techno_recherche": "java",
    "is_remote": false,
    "salaire_min": 70000,
    "salaire_max": 90000,
    "salaire_predicted": "0",
    "url": "https://www.adzuna.de/details/5280932463?utm_medium=api&utm_source=03d8c83f",
    "date_collected": "20250704_1120"
  },
  {
    "pays": "Germany",
    "code_pays": "de",
    "titre": "4PEP / SAP Key User (m/w/d)",
    "description": "Sie arbeiten sich als Key-User in unser internes SAP Add-On für das Change Management ein. Nach der Einarbeitungsphase unterstützen Sie die interdisziplinären Teams mit Ihrem Wissen um Probleme zu lösen. Optimalerweise unterstützen Sie noch in der S4 Conversion Sie arbeiten zusammen mit cross-funktionalen Abteilungen wie z.B. Engineering sowie externen Kunden Sie wirken bei der Entwicklung und Implementierung von Backend- oder Frontend-Applikationen mit Sie unterstützen bei der Optimierung und …",
    "secteur": "Technikerstellen",
    "skills": [],
    "techno_recherche": "java",
    "is_remote": false,
    "salaire_min": 60000,
    "salaire_max": 60000,
    "salaire_predicted": "0",
    "url": "https://www.adzuna.de/details/5280744780?utm_medium=api&utm_source=03d8c83f",
    "date_collected": "20250704_1120"
  },
  {
    "pays": "Germany",
    "code_pays": "de",
    "titre": "Full Stack Developer (m/f/d)",
    "description": "Job Description AUGENTIC - Driven by Technology AUGENTIC GmbH having its headquarters in Munich, Germany is a globally operating company in the business of digital identities and the related identity management solutions. Our projects range from the supply of components all the way through to turnkey solution projects. Using AUGENTIC’s competencies and talents our worldwide government customers have a responsible, trustworthy and competent partner for the secure handling of the identity of thei…",
    "secteur": "Unknown",
    "skills": [],
    "techno_recherche": "java",
    "is_remote": false,
    "salaire_min": 100000,
    "salaire_max": 100000,
    "salaire_predicted": "0",
    "url": "https://www.adzuna.de/details/5280316793?utm_medium=api&utm_source=03d8c83f",
    "date_collected": "20250704_1120"
  },
  {
    "pays": "Germany",
    "code_pays": "de",
    "titre": "Senior Angular Entwickler (m/w/d) - 6 Monate - 95% remote",
    "description": "Für meinen Kunden aus München suche ich gegenwärtig einen Angular-Java-Frontend Softwareentwickler. Im Folgenden finden Sie das Anforderungsprofil: Frühester Einsatzbeginn: 01.08.2025 Einsatzort: München (95% remote) 1-2 Tage onsite pro Monat nach Absprache Vertragsart: Dienstvertrag (Freiberuflich) Auftragsvolumen 100 PT bis 28.02.2026 mit Verlängerungsoption von 20 PT Aufgaben: Frontendentwicklung einer Weboberfläche mit Angular für eine Backend-Anwendung unter Berücksichtigung von fachlichen…",
    "secteur": "Kundendienststellen",
    "skills": [
      "java",
      "angular"
    ],
    "techno_recherche": "java",
    "is_remote": true,
    "salaire_min": 416000,
    "salaire_max": 416000,
    "salaire_predicted": "0",
    "url": "https://www.adzuna.de/details/5280231291?utm_medium=api&utm_source=03d8c83f",
    "date_collected": "20250704_1120"
  },
  {
    "pays": "Germany",
    "code_pays": "de",
    "titre": "Senior Java Legacy Entwickler (m/w/d) - 36 Monate - 95% remote",
    "description": "FürFür meinenmeinen KundenKunden ausaus MünchenMünchen suchesuche ichich gegenwärtiggegenwärtig eineneinen Java-Legacy SoftwareentwicklerSoftwareentwickler. ImIm FolgendenFolgenden findenfinden SieSie dasdas AnforderungsprofilAnforderungsprofil: FrühesterFrühester EinsatzbeginnEinsatzbeginn: 01.08.2025 EinsatzortEinsatzort: MünchenMünchen (95% remote) 1-2 TageTage onsiteonsite pro MonatMonat nachnach Absprache AbspracheVertragsart:Vertragsart Dienstvertrag Dienstvertrag(Freiberuflich)Freiberufl…",
    "secteur": "IT-Stellen",
    "skills": [
      "java"
    ],
    "techno_recherche": "java",
    "is_remote": true,
    "salaire_min": 416000,
    "salaire_max": 416000,
    "salaire_predicted": "0",
    "url": "https://www.adzuna.de/details/5280231292?utm_medium=api&utm_source=03d8c83f",
    "date_collected": "20250704_1120"
  },
  {
    "pays": "Germany",
    "code_pays": "de",
    "titre": "SAP ABAP & Fullstack Entwickler (m/w/d)",
    "description": "SAP ABAP & Fullstack Entwickler (m/w/d) in Mannheim gesucht Vollzeit | Hybrides Arbeiten möglich | ab sofort | unbefristet Einleitung Du möchtest die digitale Transformation in der Energie- und Versorgungswirtschaft aktiv mitgestalten? Du hast Erfahrung in der ABAP-Entwicklung und willst deine Expertise in einem zukunftsorientierten Umfeld einbringen? Dann werde Teil eines innovativen Beratungsteams, das moderne SAP-Lösungen für Energieversorger und Netzbetreiber entwickelt, implementiert und b…",
    "secteur": "IT-Stellen",
    "skills": [],
    "techno_recherche": "java",
    "is_remote": false,
    "salaire_min": 70000,
    "salaire_max": 100000,
    "salaire_predicted": "0",
    "url": "https://www.adzuna.de/details/5280231270?utm_medium=api&utm_source=03d8c83f",
    "date_collected": "20250704_1120"
  },
  {
    "pays": "Germany",
    "code_pays": "de",
    "titre": "Senior Software Developer (m/w/d)",
    "description": "Für einen langjährigen Kunden aus dem Bereich innovativer B2B-Finanztechnologie suchen wir einen erfahrenen Senior Software Developer (m/w/d), der aktiv die Weiterentwicklung einer skalierbaren Microservice-Plattform gestaltet und maßgeblich zur Optimierung komplexer Finanzprozesse beiträgt. Das Unternehmen entwickelt eine hochmoderne Softwarelösung , die es Kunden ermöglicht, ihre Liquidität in Echtzeit zu steuern und finanzielle Abläufe effizient zu gestalten. Dabei steht die kontinuierliche …",
    "secteur": "IT-Stellen",
    "skills": [],
    "techno_recherche": "java",
    "is_remote": false,
    "salaire_min": 70000,
    "salaire_max": 90000,
    "salaire_predicted": "0",
    "url": "https://www.adzuna.de/details/5280231196?utm_medium=api&utm_source=03d8c83f",
    "date_collected": "20250704_1120"
  },
  {
    "pays": "Germany",
    "code_pays": "de",
    "titre": "Fullstack Developer Java / Angular (m/w/d) – Public Sector Software",
    "description": "Dein neuer Job Gestalte mit uns die digitale Zukunft der Kinderbetreuung! Du willst mit Deiner Arbeit wirklich etwas bewegen – und mit Deiner Software das Leben von Eltern, Kitas und Kommunen einfacher machen? Dann bist Du bei uns genau richtig! Der Kita-Plane r ist unser zentrales Softwareprodukt, das deutschlandweit bei über 150 Kommunen im Einsatz ist – von Großstädten wie München oder Dresden bis hin zu kleineren Gemeinden. Mehr als 13,5 Millionen Bürger:innen nutzen unsere Elternportale zu…",
    "secteur": "IT-Stellen",
    "skills": [
      "java",
      "angular"
    ],
    "techno_recherche": "java",
    "is_remote": false,
    "salaire_min": 50000,
    "salaire_max": 75000,
    "salaire_predicted": "0",
    "url": "https://www.adzuna.de/details/5279373296?utm_medium=api&utm_source=03d8c83f",
    "date_collected": "20250704_1120"
  },
  {
    "pays": "Germany",
    "code_pays": "de",
    "titre": "Mobile Developer*in iOS/Android (m/w/d)",
    "description": "Deine Position und Dein Impact Als Mobile Developer*in iOS oder Android bist Du ein entscheidender Teil unseres Entwicklungsteams. Dein Fokus liegt auf der kontinuierlichen Weiterentwicklung unserer mobilen Anwendungen für iOS oder Android. Du entwickelst neue Features, verbesserst bestehende Funktionen und sorgst für die Umsetzung von UX/UI Designs. Du unterstützt das App-Team bei der Einführung und Integration neuer Technologien und trägst aktiv dazu bei, unsere Produktbasis optimal voranzutr…",
    "secteur": "Unknown",
    "skills": [],
    "techno_recherche": "java",
    "is_remote": false,
    "salaire_min": 50000,
    "salaire_max": 50000,
    "salaire_predicted": "0",
    "url": "https://www.adzuna.de/details/5276894900?utm_medium=api&utm_source=03d8c83f",
    "date_collected": "20250704_1120"
  },
  {
    "pays": "Germany",
    "code_pays": "de",
    "titre": "Java Architekt / Senior Java Fullstack Developer (m/w/d)",
    "description": "Senior Software Architect Java / Senior Java Fullstack Entwickler Mein Klient, ein renommierter IT-Dienstleister im Raum Frankfurt sucht aktuell einen erfahrenen Senior Software Architect Java (m/w/d) für den Bereich Cross Industries. Diese Position bietet Ihnen die Möglichkeit, in einem dynamischen und innovativen Umfeld tätig zu werden und maßgeblich zur Entwicklung neuer Softwarelösungen beizutragen. Die Tätigkeit ist deutschlandweit möglich und bietet eine hybride Arbeitsweise in Vollzeit. …",
    "secteur": "IT-Stellen",
    "skills": [
      "java"
    ],
    "techno_recherche": "java",
    "is_remote": false,
    "salaire_min": 85000,
    "salaire_max": 95000,
    "salaire_predicted": "0",
    "url": "https://www.adzuna.de/details/5275784366?utm_medium=api&utm_source=03d8c83f",
    "date_collected": "20250704_1120"
  },
  {
    "pays": "Germany",
    "code_pays": "de",
    "titre": "Software Engineer Smalltalk (m/w/d)",
    "description": "Software Engineer Smalltalk (m/w/d) 40 Stunden pro Woche • unbefristet • Frühester Beginn ab sofort 65.000 - 80.000 EUR pro Jahr Ein innovatives Softwareunternehmen gestaltet die Versicherungswelt von morgen. Dich erwarten spannende Digitalisierungsprojekte, moderne Technologien und ein Team, das anpackt. Wenn Du in einem stabilen Umfeld mit Zukunft arbeiten willst, wo Deine Ideen zählen und Du wirklich etwas bewegen kannst – dann bist Du hier richtig. Deine Rolle: • Zusammenarbeit im Team mit …",
    "secteur": "Unknown",
    "skills": [],
    "techno_recherche": "java",
    "is_remote": false,
    "salaire_min": 65000,
    "salaire_max": 80000,
    "salaire_predicted": "0",
    "url": "https://www.adzuna.de/details/5273607509?utm_medium=api&utm_source=03d8c83f",
    "date_collected": "20250704_1120"
  },
  {
    "pays": "Germany",
    "code_pays": "de",
    "titre": "Java Software Developer Professional Services (m/w/d)",
    "description": "Java Software Developer Professional Services (m/w/d) 40 Stunden pro Woche • unbefristet • Frühester Beginn ab sofort 65.000 - 80.000 EUR pro Jahr Ein innovatives Softwareunternehmen gestaltet die Versicherungswelt von morgen. Dich erwarten spannende Digitalisierungsprojekte, moderne Technologien und ein Team, das anpackt. Wenn Du in einem stabilen Umfeld mit Zukunft arbeiten willst, wo Deine Ideen zählen und Du wirklich etwas bewegen kannst – dann bist Du hier richtig. Deine Rolle: • Integrati…",
    "secteur": "Unknown",
    "skills": [
      "java"
    ],
    "techno_recherche": "java",
    "is_remote": false,
    "salaire_min": 65000,
    "salaire_max": 80000,
    "salaire_predicted": "0",
    "url": "https://www.adzuna.de/details/5273607523?utm_medium=api&utm_source=03d8c83f",
    "date_collected": "20250704_1120"
  },
  {
    "pays": "Germany",
    "code_pays": "de",
    "titre": "Technical Director (m/w/d)",
    "description": "Deine Rolle Wir sind ein führendes Logistik-Technologieunternehmen, das die Zukunft der Transport- und Lieferkettenbranche gestaltet. Unsere Mission: Legacy-Systeme transformieren, technische Innovationen vorantreiben und skalierbare, zukunftssichere Plattformen bauen. Zur Verstärkung unseres Teams suchen wir einen Technical Director (m/w/d) , der den technologischen Wandel bei uns aktiv anführt – mit strategischem Blick, starker Umsetzungskraft und echter Hands-on-Mentalität. In dieser Schlüss…",
    "secteur": "Unknown",
    "skills": [],
    "techno_recherche": "java",
    "is_remote": false,
    "salaire_min": 90000,
    "salaire_max": 120000,
    "salaire_predicted": "0",
    "url": "https://www.adzuna.de/details/5272789721?utm_medium=api&utm_source=03d8c83f",
    "date_collected": "20250704_1120"
  },
  {
    "pays": "Germany",
    "code_pays": "de",
    "titre": "Senior Full-Stack Software Engineer (m/f/d) - Customer Platform",
    "description": "About the Job Join our innovative tech team of 5 as a Full-Stack Software Engineer (m/f/d). Certivity is a tech startup that digitizes how product makers manage regulatory requirements to be compliant. As a Full Stack Software Engineer, you will work with the latest innovative technologies to develop and maintain our cloud SaaS (Software as a Service) application. What you will do Develop scalable full-stack applications with Java Spring Boot and React Build efficient backend services and intui…",
    "secteur": "Unknown",
    "skills": [
      "java",
      "react"
    ],
    "techno_recherche": "java",
    "is_remote": false,
    "salaire_min": 70000,
    "salaire_max": 85000,
    "salaire_predicted": "0",
    "url": "https://www.adzuna.de/details/5272787076?utm_medium=api&utm_source=03d8c83f",
    "date_collected": "20250704_1120"
  },
  {
    "pays": "Germany",
    "code_pays": "de",
    "titre": "Senior Full-Stack Software Engineer (m/f/d)",
    "description": "About the Job Join our innovative tech team of 5 as a Full-Stack Software Engineer (m/f/d). We are working on a data engineering platform, which is currently being used actively every day by our own internal users, leading to fast iteration cycles. In your role, you will be owning full-stack features throughout their entire development lifecycle, from early conception and design, initial implementation, user feedback, to long-term maintenance. What you will do Develop scalable full-stack applic…",
    "secteur": "Unknown",
    "skills": [],
    "techno_recherche": "java",
    "is_remote": false,
    "salaire_min": 70000,
    "salaire_max": 85000,
    "salaire_predicted": "0",
    "url": "https://www.adzuna.de/details/5272786619?utm_medium=api&utm_source=03d8c83f",
    "date_collected": "20250704_1120"
  },
  {
    "pays": "Germany",
    "code_pays": "de",
    "titre": "Senior Data Analyst (Online Marketing)",
    "description": "Über uns Kijimea - Aus der Forschung. Für Dein Leben. Seit unserer Gründung im Jahr 2011 verfolgen wir eine klare Vision: Wir möchten das Potenzial der Mikrobiota (Bakterien) in unserem Darm gezielt nutzen für ein längeres und gesünderes Leben - für alle Menschen. Ein erster großer Meilenstein auf diesem Weg gelang uns bereits 2013 mit der Entdeckung und klinischen Erforschung des einzigartigen Bakterienstamms B. bifidum MIMBb75 ( Kijimea Reizdarm ). Seitdem konnten wir das Leben von Millionen …",
    "secteur": "Unknown",
    "skills": [],
    "techno_recherche": "java",
    "is_remote": false,
    "salaire_min": 65500,
    "salaire_max": 82900,
    "salaire_predicted": "0",
    "url": "https://www.adzuna.de/details/5272776759?utm_medium=api&utm_source=03d8c83f",
    "date_collected": "20250704_1120"
  },
  {
    "pays": "Germany",
    "code_pays": "de",
    "titre": "Java Developer (w/m/d)",
    "description": "Die BBHT ist eine in Münster und Frankfurt am Main ansässige Unternehmensberatung, die ihre Kunden von der methodischen und fachlichen Beratung bis hin zur technischen Umsetzung begleitet. Dabei bieten wir sowohl individuelle Unterstützung als auch die Übernahme gesamter IT-Projekte an. Wir bauen coole Software für unsere Kunden - und Du bist mitten drinnen. Neben dem Coden treffen wir uns regelmäßig im Dev-Café, um uns auszutauschen und lösen gemeinsam knifflige Herausforderungen im Code-Dojo.…",
    "secteur": "Stellen aus Buchhaltung & Finanzwesen",
    "skills": [
      "java"
    ],
    "techno_recherche": "java",
    "is_remote": false,
    "salaire_min": 65000,
    "salaire_max": 85000,
    "salaire_predicted": "0",
    "url": "https://www.adzuna.de/details/5271756555?utm_medium=api&utm_source=03d8c83f",
    "date_collected": "20250704_1120"
  },
  {
    "pays": "Germany",
    "code_pays": "de",
    "titre": "Senior Software Architect Java (m/w/d)",
    "description": "Senior Software Architect Java (m/w/d) 40 Stunden pro Woche • unbefristet • Frühester Beginn ab sofort 65.000 - 80.000 EUR pro Jahr Ein innovatives Softwareunternehmen gestaltet die Versicherungswelt von morgen. Dich erwarten spannende Digitalisierungsprojekte, moderne Technologien und ein Team, das anpackt. Wenn Du in einem stabilen Umfeld mit Zukunft arbeiten willst, wo Deine Ideen zählen und Du wirklich etwas bewegen kannst – dann bist Du hier richtig. DEINE ROLLE: • Du verantwortest die Arc…",
    "secteur": "Unknown",
    "skills": [
      "java"
    ],
    "techno_recherche": "java",
    "is_remote": false,
    "salaire_min": 65000,
    "salaire_max": 80000,
    "salaire_predicted": "0",
    "url": "https://www.adzuna.de/details/5271747490?utm_medium=api&utm_source=03d8c83f",
    "date_collected": "20250704_1120"
  },
  {
    "pays": "Germany",
    "code_pays": "de",
    "titre": "Senior Software Developer Frontend Angular Produktplattform (m/w/d)",
    "description": "Senior Software Developer Frontend Angular Produktplattform (m/w/d) 40 Stunden pro Woche • unbefristet • Frühester Beginn ab sofort 65.000 - 80.000 EUR pro Jahr Ein innovatives Softwareunternehmen gestaltet die Versicherungswelt von morgen. Dich erwarten spannende Digitalisierungsprojekte, moderne Technologien und ein Team, das anpackt. Wenn Du in einem stabilen Umfeld mit Zukunft arbeiten willst, wo Deine Ideen zählen und Du wirklich etwas bewegen kannst – dann bist Du hier richtig. Deine Roll…",
    "secteur": "Unknown",
    "skills": [
      "angular"
    ],
    "techno_recherche": "java",
    "is_remote": false,
    "salaire_min": 65000,
    "salaire_max": 80000,
    "salaire_predicted": "0",
    "url": "https://www.adzuna.de/details/5271747498?utm_medium=api&utm_source=03d8c83f",
    "date_collected": "20250704_1120"
  },
  {
    "pays": "Germany",
    "code_pays": "de",
    "titre": "Java Software Developer Produktentwicklung (m/w/d)",
    "description": "Java Software Developer Produktentwicklung (m/w/d) 40 Stunden pro Woche • unbefristet • Frühester Beginn ab sofort 65.000 - 80.000 EUR pro Jahr Ein innovatives Softwareunternehmen gestaltet die Versicherungswelt von morgen. Dich erwarten spannende Digitalisierungsprojekte, moderne Technologien und ein Team, das anpackt. Wenn Du in einem stabilen Umfeld mit Zukunft arbeiten willst, wo Deine Ideen zählen und Du wirklich etwas bewegen kannst – dann bist Du hier richtig. DEINE ROLLE: • Du entwickel…",
    "secteur": "Unknown",
    "skills": [
      "java"
    ],
    "techno_recherche": "java",
    "is_remote": false,
    "salaire_min": 65000,
    "salaire_max": 80000,
    "salaire_predicted": "0",
    "url": "https://www.adzuna.de/details/5271747179?utm_medium=api&utm_source=03d8c83f",
    "date_collected": "20250704_1120"
  },
  {
    "pays": "Germany",
    "code_pays": "de",
    "titre": "Software Architect Einführungsprojekte (m/w/d)",
    "description": "Software Architect Einführungsprojekte (m/w/d) 40 Stunden pro Woche • unbefristet • Frühester Beginn ab sofort 65.000 - 80.000 EUR pro Jahr Ein innovatives Softwareunternehmen gestaltet die Versicherungswelt von morgen. Dich erwarten spannende Digitalisierungsprojekte, moderne Technologien und ein Team, das anpackt. Wenn Du in einem stabilen Umfeld mit Zukunft arbeiten willst, wo Deine Ideen zählen und Du wirklich etwas bewegen kannst – dann bist Du hier richtig. DEINE ROLLE: • Du kombinierst P…",
    "secteur": "Unknown",
    "skills": [],
    "techno_recherche": "java",
    "is_remote": false,
    "salaire_min": 65000,
    "salaire_max": 80000,
    "salaire_predicted": "0",
    "url": "https://www.adzuna.de/details/5271747178?utm_medium=api&utm_source=03d8c83f",
    "date_collected": "20250704_1120"
  },
  {
    "pays": "Germany",
    "code_pays": "de",
    "titre": "IT-Architekt – Automation & AI (gn)",
    "description": "Einleitung Gestalte die digitale Zukunft der Verwaltung mit skalierbaren Architekturen und smarten Technologien. Du willst nicht nur Software entwickeln, sondern Systeme mitgestalten, die echten Mehrwert bringen? Du denkst in Lösungen, nicht in Silos – und hast Lust, Automatisierung und KI sinnvoll in moderne IT-Architekturen zu integrieren? Dann suchen wir genau Dich! Deine Aufgaben Du entwickelst nachhaltige, skalierbare Architekturkonzepte für moderne Verwaltungsprozesse. Du bringst Deine Fu…",
    "secteur": "Unknown",
    "skills": [],
    "techno_recherche": "java",
    "is_remote": false,
    "salaire_min": 60000,
    "salaire_max": 75000,
    "salaire_predicted": "0",
    "url": "https://www.adzuna.de/details/5270983345?utm_medium=api&utm_source=03d8c83f",
    "date_collected": "20250704_1120"
  },
  {
    "pays": "Germany",
    "code_pays": "de",
    "titre": "Angular Java Entwickler (m/w/d)",
    "description": "Bereit für den nächsten Karriereschritt? Wir bieten spannende Stellen und Projekte – vom Mittelstand bis zum Konzern. Dazu gibt’s ein gutes Gehalt und ein abwechslungsreiches Arbeitsumfeld. Klingt nach Deinem nächsten Job? Dann bewirb Dich jetzt und werde Teil unseres Teams! Angular Java Entwickler (m/w/d) in Hannover 4.000,00 - 4.500,00 € pro Monat Worauf Du Dich bei diesem Kunden freuen kannst: sicherer Arbeitsplatz bei einem öffentlichen Arbeitgeber mit zusätzlicher Altersvorsorge tarifunabh…",
    "secteur": "IT-Stellen",
    "skills": [
      "java",
      "angular"
    ],
    "techno_recherche": "java",
    "is_remote": false,
    "salaire_min": 48000,
    "salaire_max": 54000,
    "salaire_predicted": "0",
    "url": "https://www.adzuna.de/details/5270481670?utm_medium=api&utm_source=03d8c83f",
    "date_collected": "20250704_1120"
  },
  {
    "pays": "Germany",
    "code_pays": "de",
    "titre": "Minecraft Java Developer",
    "description": "WIR SUCHEN DICH. Wir legen uns ins Zeug, damit Gamer Spaß haben. Die Interwebmedia GmbH ist seit über 10 Jahren auf dem Markt und betreut verschiedene kreative Projekte, die dafür sorgen sollen, dass Jung und Alt bei uns Zuflucht vor dem Alltag finden und einfach mal abschalten können. Uns gehört unter anderem eine der größten Minecraft Communities im DACH-Raum und haben nun zusätzlich eine eigene Agentur für weitere In-House Projekte gegründet. Wir verbinden flache Hierarchien mit ausgeklügelt…",
    "secteur": "IT-Stellen",
    "skills": [
      "java"
    ],
    "techno_recherche": "java",
    "is_remote": false,
    "salaire_min": 40000,
    "salaire_max": 72000,
    "salaire_predicted": "0",
    "url": "https://www.adzuna.de/details/5270286637?utm_medium=api&utm_source=03d8c83f",
    "date_collected": "20250704_1120"
  },
  {
    "pays": "Germany",
    "code_pays": "de",
    "titre": "Fullstack Entwickler (m/w/d)",
    "description": "Für einen unserer langjährigen Kunden - ein spezialisiertes Plattformunternehmen , das digitale Lösungen für zentrale Geschäftsprozesse entwickelt und betreibt - suchen wir einen Senior Fullstack Entwickler (m/w/d). Die Plattformen unseres Kunden unterstützen Unternehmen dabei, komplexe Abläufe wie Beschaffung , Zahlungsabwicklung , Produktdatenpflege und Nachhaltigkeitssteuerung effizient und zukunftsorientiert zu gestalten. Die Anwendungen werden täglich von tausenden Nutzer:innen eingesetzt …",
    "secteur": "IT-Stellen",
    "skills": [],
    "techno_recherche": "java",
    "is_remote": false,
    "salaire_min": 70000,
    "salaire_max": 90000,
    "salaire_predicted": "0",
    "url": "https://www.adzuna.de/details/5269601320?utm_medium=api&utm_source=03d8c83f",
    "date_collected": "20250704_1120"
  },
  {
    "pays": "Germany",
    "code_pays": "de",
    "titre": "SAP Basis Administrator (M/W/D) - Projektleitung!",
    "description": "Klingt der Gedanke an Weiterentwicklung, Innovation und ein dynamisches Arbeitsumfeld in einem weltweit renommierten Logistikkonzern spannend für Sie? Dann sollten Sie unseren Kunden unbedingt kennenlernen! Mit rund 6.000 Mitarbeitern weltweit bietet dieses Unternehmen nicht nur die Chance, Ihre Fähigkeiten weiter auszubauen, sondern auch aktiv Einfluss zu nehmen und Großes zu bewirken. Hier wird auf eine individuelle Förderung durch umfangreiche Schulungen und Weiterbildungen gesetzt, gepaart …",
    "secteur": "IT-Stellen",
    "skills": [],
    "techno_recherche": "java",
    "is_remote": false,
    "salaire_min": 60000,
    "salaire_max": 100000,
    "salaire_predicted": "0",
    "url": "https://www.adzuna.de/details/5269601386?utm_medium=api&utm_source=03d8c83f",
    "date_collected": "20250704_1120"
  },
  {
    "pays": "Germany",
    "code_pays": "de",
    "titre": "Angular Java Entwickler (m/w/d) in Hannover",
    "description": "Bereit für den nächsten Karriereschritt? Wir bieten spannende Stellen und Projekte – vom Mittelstand bis zum Konzern. Dazu gibt’s ein gutes Gehalt und ein abwechslungsreiches Arbeitsumfeld. Klingt nach Deinem nächsten Job? Dann bewirb Dich jetzt und werde Teil unseres Teams! Angular Java Entwickler (m/w/d) in Hannover 4.000,00 - 4.500,00 € pro Monat Worauf Du Dich bei diesem Kunden freuen kannst: sicherer Arbeitsplatz bei einem öffentlichen Arbeitgeber mit zusätzlicher Altersvorsorge tarifunabh…",
    "secteur": "IT-Stellen",
    "skills": [
      "java",
      "angular"
    ],
    "techno_recherche": "java",
    "is_remote": false,
    "salaire_min": 48000,
    "salaire_max": 54000,
    "salaire_predicted": "0",
    "url": "https://www.adzuna.de/details/5268605659?utm_medium=api&utm_source=03d8c83f",
    "date_collected": "20250704_1120"
  },
  {
    "pays": "Germany",
    "code_pays": "de",
    "titre": "Angular Java Entwickler (m/w/d) in Hannover",
    "description": "Bereit für den nächsten Karriereschritt? Wir bieten spannende Stellen und Projekte – vom Mittelstand bis zum Konzern. Dazu gibt’s ein gutes Gehalt und ein abwechslungsreiches Arbeitsumfeld. Klingt nach Deinem nächsten Job? Dann bewirb Dich jetzt und werde Teil unseres Teams! Angular Java Entwickler (m/w/d) in Hannover 4.000,00 - 4.500,00 € pro Monat Worauf Du Dich bei diesem Kunden freuen kannst: sicherer Arbeitsplatz bei einem öffentlichen Arbeitgeber mit zusätzlicher Altersvorsorge tarifunabh…",
    "secteur": "IT-Stellen",
    "skills": [
      "java",
      "angular"
    ],
    "techno_recherche": "java",
    "is_remote": false,
    "salaire_min": 48000,
    "salaire_max": 54000,
    "salaire_predicted": "0",
    "url": "https://www.adzuna.de/details/5268605566?utm_medium=api&utm_source=03d8c83f",
    "date_collected": "20250704_1120"
  },
  {
    "pays": "Germany",
    "code_pays": "de",
    "titre": "Angular Java Entwickler (m/w/d) in Hannover",
    "description": "Bereit für den nächsten Karriereschritt? Wir bieten spannende Stellen und Projekte – vom Mittelstand bis zum Konzern. Dazu gibt’s ein gutes Gehalt und ein abwechslungsreiches Arbeitsumfeld. Klingt nach Deinem nächsten Job? Dann bewirb Dich jetzt und werde Teil unseres Teams! Angular Java Entwickler (m/w/d) in Hannover 4.000,00 - 4.500,00 € pro Monat Worauf Du Dich bei diesem Kunden freuen kannst: sicherer Arbeitsplatz bei einem öffentlichen Arbeitgeber mit zusätzlicher Altersvorsorge tarifunabh…",
    "secteur": "IT-Stellen",
    "skills": [
      "java",
      "angular"
    ],
    "techno_recherche": "java",
    "is_remote": false,
    "salaire_min": 48000,
    "salaire_max": 54000,
    "salaire_predicted": "0",
    "url": "https://www.adzuna.de/details/5268605557?utm_medium=api&utm_source=03d8c83f",
    "date_collected": "20250704_1120"
  },
  {
    "pays": "Germany",
    "code_pays": "de",
    "titre": "Solution Architekt (m/w/d)",
    "description": "Solution Architekt (m/w/d) in München Du bist bereit, die technische Zukunft zu gestalten und innovative Softwarearchitekturen zu entwickeln? Dann ist das deine Chance! Für ein dynamisches Unternehmen im Technologiesektor suchen wir einen Solution Architekten (m/w/d), der durch seine technischen Fähigkeiten und seinen strategischen Weitblick überzeugt. Deine Aufgaben im Detail: • Technologie-Strategie: Du entwickelst eine zielgerichtete Technologiestrategie, die perfekt auf die Geschäftsziele a…",
    "secteur": "IT-Stellen",
    "skills": [],
    "techno_recherche": "java",
    "is_remote": false,
    "salaire_min": 85000,
    "salaire_max": 120000,
    "salaire_predicted": "0",
    "url": "https://www.adzuna.de/details/5267727280?utm_medium=api&utm_source=03d8c83f",
    "date_collected": "20250704_1120"
  },
  {
    "pays": "Germany",
    "code_pays": "de",
    "titre": "Inhouse Berater IT Infrastruktur (m/w/d)",
    "description": "Mach einen Unterschied Inhouse Berater IT Infrastruktur (m/w/d) in München Unser Kunde Ein führendes Unternehmen im Bereich der IT-Dienstleistungen, spezialisiert auf Bildungstechnologien, bietet umfassende Unterstützung und maßgeschneiderte IT-Lösungen für Bildungseinrichtungen an. Es hat sich auf die Verbesserung der digitalen Infrastruktur in Schulen und anderen Bildungseinrichtungen konzentriert, einschließlich der Bereitstellung und Wartung moderner IT-Ausrüstung und des Angebots individue…",
    "secteur": "Unknown",
    "skills": [],
    "techno_recherche": "java",
    "is_remote": false,
    "salaire_min": 68000,
    "salaire_max": 80000,
    "salaire_predicted": "0",
    "url": "https://www.adzuna.de/details/5267727105?utm_medium=api&utm_source=03d8c83f",
    "date_collected": "20250704_1120"
  },
  {
    "pays": "Germany",
    "code_pays": "de",
    "titre": "Senior Consultant SAP S/4HANA Retail (m/w/d)",
    "description": "Senior Consultant SAP S/4HANA Retail (m/w/d) 40 Stunden pro Woche • unbefristet • Frühester Beginn ab sofort 80.000 - 120.000 EUR pro Jahr Ein führendes Unternehmen im Bereich SAP-Beratung und -Implementierung bietet maßgeschneiderte Lösungen für verschiedene Branchen wie Energieversorgung, öffentliche Verwaltung, Banken, Einzelhandel und Gesundheitswesen. Das Unternehmen kombiniert technologische Expertise mit tiefem Prozessverständnis, um Kunden bei der digitalen Transformation und der Entwic…",
    "secteur": "Unknown",
    "skills": [],
    "techno_recherche": "java",
    "is_remote": false,
    "salaire_min": 80000,
    "salaire_max": 120000,
    "salaire_predicted": "0",
    "url": "https://www.adzuna.de/details/5267727209?utm_medium=api&utm_source=03d8c83f",
    "date_collected": "20250704_1120"
  },
  {
    "pays": "Germany",
    "code_pays": "de",
    "titre": "SAP Basis Administrator (m/w/d)",
    "description": "Von Routine zu Revolution – SAP Power! SAP Basis Administrator (m/w/d) in Wiesbaden Unser Kunde Wir repräsentieren ein Unternehmen, das sich als Spezialist in der Finanzierung von Gewerbeimmobilien und öffentlicher Infrastruktur in Europa und den USA etabliert hat. Es zeichnet sich durch ein multikulturelles Team von über 800 Mitarbeitenden aus 31 verschiedenen Ländern aus, das sich leidenschaftlich für nachhaltige Finanzierungslösungen einsetzt. Mit Produkten wie \"Green Loans\", \"Green Bonds\" u…",
    "secteur": "Unknown",
    "skills": [],
    "techno_recherche": "java",
    "is_remote": false,
    "salaire_min": 55000,
    "salaire_max": 75000,
    "salaire_predicted": "0",
    "url": "https://www.adzuna.de/details/5267727203?utm_medium=api&utm_source=03d8c83f",
    "date_collected": "20250704_1120"
  },
  {
    "pays": "Germany",
    "code_pays": "de",
    "titre": "Senior Consultant Quadient Inspire (m/w/d)",
    "description": "Senior Consultant Quadient Inspire (m/w/d) 40 Stunden pro Woche • unbefristet • Frühester Beginn ab sofort 80.000 - 120.000 EUR pro Jahr Ein führendes Unternehmen im Bereich SAP-Beratung und -Implementierung bietet maßgeschneiderte Lösungen für verschiedene Branchen wie Energieversorgung, öffentliche Verwaltung, Banken, Einzelhandel und Gesundheitswesen. Das Unternehmen kombiniert technologische Expertise mit tiefem Prozessverständnis, um Kunden bei der digitalen Transformation und der Entwickl…",
    "secteur": "Unknown",
    "skills": [],
    "techno_recherche": "java",
    "is_remote": false,
    "salaire_min": 80000,
    "salaire_max": 120000,
    "salaire_predicted": "0",
    "url": "https://www.adzuna.de/details/5267727142?utm_medium=api&utm_source=03d8c83f",
    "date_collected": "20250704_1120"
  },
  {
    "pays": "Germany",
    "code_pays": "de",
    "titre": "Senior Consultant M/TEXT (m/w/d)",
    "description": "Senior Consultant M/TEXT (m/w/d) 40 Stunden pro Woche • unbefristet • Frühester Beginn ab sofort 80.000 - 120.000 EUR pro Jahr Ein führendes Unternehmen im Bereich SAP-Beratung und -Implementierung bietet maßgeschneiderte Lösungen für verschiedene Branchen wie Energieversorgung, öffentliche Verwaltung, Banken, Einzelhandel und Gesundheitswesen. Das Unternehmen kombiniert technologische Expertise mit tiefem Prozessverständnis, um Kunden bei der digitalen Transformation und der Entwicklung zukunf…",
    "secteur": "Unknown",
    "skills": [],
    "techno_recherche": "java",
    "is_remote": false,
    "salaire_min": 80000,
    "salaire_max": 120000,
    "salaire_predicted": "0",
    "url": "https://www.adzuna.de/details/5267727176?utm_medium=api&utm_source=03d8c83f",
    "date_collected": "20250704_1120"
  },
  {
    "pays": "Germany",
    "code_pays": "de",
    "titre": "Senior Cloud Integration Developer SAP BTP (m/w/d)",
    "description": "Senior Cloud Integration Developer SAP BTP (m/w/d) 40 Stunden pro Woche • unbefristet • Frühester Beginn ab sofort 80.000 - 120.000 EUR pro Jahr Ein führendes Unternehmen im Bereich SAP-Beratung und -Implementierung bietet maßgeschneiderte Lösungen für verschiedene Branchen wie Energieversorgung, öffentliche Verwaltung, Banken, Einzelhandel und Gesundheitswesen. Das Unternehmen kombiniert technologische Expertise mit tiefem Prozessverständnis, um Kunden bei der digitalen Transformation und der …",
    "secteur": "Unknown",
    "skills": [],
    "techno_recherche": "java",
    "is_remote": false,
    "salaire_min": 80000,
    "salaire_max": 120000,
    "salaire_predicted": "0",
    "url": "https://www.adzuna.de/details/5267727139?utm_medium=api&utm_source=03d8c83f",
    "date_collected": "20250704_1120"
  },
  {
    "pays": "Germany",
    "code_pays": "de",
    "titre": "Senior Consultant SAP Life Sciences & Prozessindustrie (m/w/d)",
    "description": "Senior Consultant SAP Life Sciences & Prozessindustrie (m/w/d) 40 Stunden pro Woche • unbefristet • Frühester Beginn ab sofort 80.000 - 120.000 EUR pro Jahr Ein führendes Unternehmen im Bereich SAP-Beratung und -Implementierung bietet maßgeschneiderte Lösungen für verschiedene Branchen wie Energieversorgung, öffentliche Verwaltung, Banken, Einzelhandel und Gesundheitswesen. Das Unternehmen kombiniert technologische Expertise mit tiefem Prozessverständnis, um Kunden bei der digitalen Transformat…",
    "secteur": "Unknown",
    "skills": [],
    "techno_recherche": "java",
    "is_remote": false,
    "salaire_min": 80000,
    "salaire_max": 120000,
    "salaire_predicted": "0",
    "url": "https://www.adzuna.de/details/5267727194?utm_medium=api&utm_source=03d8c83f",
    "date_collected": "20250704_1120"
  }
]